-- MySQL dump 10.13  Distrib 8.0.22, for Linux (x86_64)
--
-- Host: localhost    Database: vk
-- ------------------------------------------------------
-- Server version	8.0.22-0ubuntu0.20.04.2

/*!40101 SET @OLD_CHARACTER_SET_CLIENT=@@CHARACTER_SET_CLIENT */;
/*!40101 SET @OLD_CHARACTER_SET_RESULTS=@@CHARACTER_SET_RESULTS */;
/*!40101 SET @OLD_COLLATION_CONNECTION=@@COLLATION_CONNECTION */;
/*!50503 SET NAMES utf8mb4 */;
/*!40103 SET @OLD_TIME_ZONE=@@TIME_ZONE */;
/*!40103 SET TIME_ZONE='+00:00' */;
/*!40014 SET @OLD_UNIQUE_CHECKS=@@UNIQUE_CHECKS, UNIQUE_CHECKS=0 */;
/*!40014 SET @OLD_FOREIGN_KEY_CHECKS=@@FOREIGN_KEY_CHECKS, FOREIGN_KEY_CHECKS=0 */;
/*!40101 SET @OLD_SQL_MODE=@@SQL_MODE, SQL_MODE='NO_AUTO_VALUE_ON_ZERO' */;
/*!40111 SET @OLD_SQL_NOTES=@@SQL_NOTES, SQL_NOTES=0 */;

--
-- Table structure for table `communities`
--

DROP TABLE IF EXISTS `communities`;
/*!40101 SET @saved_cs_client     = @@character_set_client */;
/*!50503 SET character_set_client = utf8mb4 */;
CREATE TABLE `communities` (
  `id` int unsigned NOT NULL AUTO_INCREMENT,
  `name` varchar(150) CHARACTER SET utf8 COLLATE utf8_unicode_ci NOT NULL,
  `created_at` datetime DEFAULT CURRENT_TIMESTAMP,
  `updated_at` datetime DEFAULT CURRENT_TIMESTAMP ON UPDATE CURRENT_TIMESTAMP,
  PRIMARY KEY (`id`),
  UNIQUE KEY `name` (`name`)
) ENGINE=InnoDB AUTO_INCREMENT=101 DEFAULT CHARSET=utf8 COLLATE=utf8_unicode_ci;
/*!40101 SET character_set_client = @saved_cs_client */;

--
-- Dumping data for table `communities`
--

LOCK TABLES `communities` WRITE;
/*!40000 ALTER TABLE `communities` DISABLE KEYS */;
INSERT INTO `communities` VALUES (1,'mollitia','2019-06-08 15:04:41','2020-11-17 02:45:56'),(2,'ut','2013-11-02 02:10:45','2020-11-17 02:45:56'),(3,'voluptatem','2015-02-24 17:45:50','2016-08-07 06:27:32'),(4,'odio','2020-06-13 09:37:10','2020-11-17 02:45:56'),(5,'qui','2015-05-14 22:26:22','2015-12-27 12:11:03'),(6,'perferendis','2016-11-15 13:02:29','2020-11-17 02:45:56'),(7,'velit','2016-01-18 20:20:57','2020-11-17 02:45:56'),(8,'dolorem','2015-10-11 03:59:46','2016-07-13 04:43:43'),(9,'voluptatibus','2017-06-04 11:08:42','2020-11-17 02:45:56'),(10,'explicabo','2011-03-08 07:47:50','2014-04-30 16:30:32'),(11,'similique','2015-08-28 19:18:32','2020-11-17 02:45:56'),(12,'quibusdam','2019-04-04 01:48:52','2020-11-17 02:45:56'),(13,'ex','2017-04-24 01:06:56','2017-07-04 22:17:24'),(14,'doloribus','2018-02-24 22:58:50','2020-07-01 23:48:36'),(15,'repellendus','2013-10-03 10:50:41','2014-11-18 03:40:21'),(16,'autem','2017-12-10 02:34:15','2020-11-17 02:45:56'),(17,'vitae','2016-09-07 16:59:52','2020-06-09 13:55:55'),(18,'debitis','2013-05-20 09:16:02','2020-11-17 02:45:56'),(19,'officiis','2018-11-01 09:59:57','2020-11-17 02:45:56'),(20,'quia','2012-11-18 22:30:49','2017-12-31 13:27:40');
/*!40000 ALTER TABLE `communities` ENABLE KEYS */;
UNLOCK TABLES;

--
-- Table structure for table `communities_users`
--

DROP TABLE IF EXISTS `communities_users`;
/*!40101 SET @saved_cs_client     = @@character_set_client */;
/*!50503 SET character_set_client = utf8mb4 */;
CREATE TABLE `communities_users` (
  `community_id` int unsigned NOT NULL,
  `user_id` int unsigned NOT NULL,
  `created_at` datetime DEFAULT CURRENT_TIMESTAMP,
  PRIMARY KEY (`community_id`,`user_id`),
  KEY `communities_users_user_id_fk` (`user_id`),
  CONSTRAINT `communities_users_community_id_fk` FOREIGN KEY (`community_id`) REFERENCES `communities` (`id`) ON DELETE CASCADE ON UPDATE CASCADE,
  CONSTRAINT `communities_users_user_id_fk` FOREIGN KEY (`user_id`) REFERENCES `users` (`id`) ON DELETE CASCADE ON UPDATE CASCADE
) ENGINE=InnoDB DEFAULT CHARSET=utf8 COLLATE=utf8_unicode_ci;
/*!40101 SET character_set_client = @saved_cs_client */;

--
-- Dumping data for table `communities_users`
--

LOCK TABLES `communities_users` WRITE;
/*!40000 ALTER TABLE `communities_users` DISABLE KEYS */;
INSERT INTO `communities_users` VALUES (1,41,'2019-09-01 20:30:47'),(1,48,'2010-12-15 13:06:11'),(1,81,'2020-03-17 08:04:18'),(1,83,'2012-01-05 18:11:57'),(2,7,'2013-09-14 13:50:31'),(2,24,'2018-12-19 04:34:06'),(2,30,'2010-11-18 12:45:33'),(2,44,'2016-07-29 03:58:15'),(2,52,'2014-04-29 19:24:14'),(2,80,'2012-12-10 12:04:44'),(3,3,'2017-11-18 08:02:37'),(3,16,'2014-12-30 22:55:37'),(3,28,'2014-05-24 17:07:08'),(3,53,'2017-11-20 14:28:08'),(3,59,'2013-02-26 02:44:24'),(3,96,'2018-11-27 05:35:46'),(4,57,'2020-05-02 16:58:39'),(4,98,'2017-10-11 16:35:49'),(5,15,'2014-07-03 07:38:20'),(5,38,'2016-08-20 12:41:29'),(5,50,'2016-01-23 19:14:37'),(5,56,'2012-12-04 00:06:44'),(6,2,'2019-12-20 02:10:27'),(6,18,'2015-07-09 06:42:43'),(6,22,'2016-10-17 21:26:01'),(6,54,'2016-08-29 06:33:05'),(6,61,'2017-07-28 12:02:17'),(6,72,'2016-05-11 13:13:10'),(6,87,'2014-01-12 12:00:24'),(7,6,'2017-06-08 04:37:24'),(7,37,'2011-06-14 19:43:17'),(7,77,'2020-10-08 01:19:19'),(7,97,'2012-10-14 02:37:35'),(8,4,'2017-09-13 06:44:22'),(8,40,'2018-10-16 05:41:08'),(9,1,'2015-07-07 17:02:12'),(9,25,'2013-10-29 12:44:27'),(9,29,'2011-04-22 18:32:46'),(9,88,'2019-02-20 01:33:58'),(10,43,'2015-10-25 08:51:32'),(10,55,'2013-09-13 23:12:19'),(10,75,'2010-12-15 10:27:14'),(10,78,'2015-02-08 03:33:36'),(10,84,'2012-05-01 19:00:36'),(10,92,'2014-09-03 22:54:34'),(11,14,'2011-08-27 21:26:55'),(11,17,'2019-05-07 05:43:24'),(11,19,'2017-01-04 19:15:34'),(11,26,'2011-08-29 18:17:08'),(11,35,'2011-10-22 17:37:14'),(11,47,'2015-04-05 02:38:14'),(11,71,'2017-02-21 20:12:53'),(12,27,'2011-01-11 08:14:36'),(12,70,'2017-01-10 19:30:11'),(12,90,'2010-11-16 16:37:57'),(12,100,'2011-01-10 22:20:39'),(13,34,'2015-04-14 16:24:42'),(13,65,'2016-03-15 08:59:50'),(13,95,'2016-04-14 04:47:49'),(14,32,'2018-09-06 17:23:54'),(14,36,'2013-11-29 19:35:05'),(14,46,'2013-04-19 10:52:48'),(14,63,'2018-11-14 20:54:43'),(14,68,'2011-11-03 23:40:23'),(14,74,'2016-06-12 21:47:53'),(14,82,'2018-02-24 05:39:49'),(15,51,'2020-04-20 03:35:10'),(15,66,'2015-08-17 17:24:17'),(15,69,'2019-04-09 23:43:55'),(16,8,'2016-02-22 14:37:24'),(16,20,'2012-04-04 16:11:45'),(16,60,'2019-01-10 08:30:09'),(16,62,'2015-10-23 04:23:37'),(17,9,'2012-01-04 20:40:25'),(17,39,'2014-06-03 07:42:23'),(17,58,'2016-07-07 14:32:11'),(17,64,'2015-03-24 05:45:02'),(17,67,'2014-04-19 21:41:42'),(17,93,'2020-08-02 13:11:23'),(17,94,'2012-02-03 21:34:34'),(18,10,'2012-02-28 16:37:10'),(18,11,'2015-04-23 04:54:09'),(18,12,'2011-05-02 19:58:41'),(18,33,'2018-06-22 06:18:38'),(18,45,'2016-07-19 17:27:41'),(18,76,'2017-07-18 09:22:50'),(18,91,'2013-11-24 21:30:14'),(19,5,'2015-12-06 19:44:05'),(19,13,'2016-12-25 21:31:32'),(19,23,'2014-03-04 14:15:45'),(19,31,'2012-11-02 23:14:12'),(19,42,'2018-07-26 13:27:09'),(19,85,'2015-09-18 09:05:44'),(19,89,'2015-09-24 00:20:22'),(19,99,'2019-06-20 21:19:23'),(20,21,'2015-05-13 01:50:19'),(20,49,'2013-01-02 10:46:50'),(20,73,'2012-02-04 16:20:08'),(20,79,'2018-04-17 17:11:17'),(20,86,'2016-08-29 03:18:49');
/*!40000 ALTER TABLE `communities_users` ENABLE KEYS */;
UNLOCK TABLES;

--
-- Table structure for table `friendship`
--

DROP TABLE IF EXISTS `friendship`;
/*!40101 SET @saved_cs_client     = @@character_set_client */;
/*!50503 SET character_set_client = utf8mb4 */;
CREATE TABLE `friendship` (
  `user_id` int unsigned NOT NULL,
  `friend_id` int unsigned NOT NULL,
  `status_id` int unsigned NOT NULL,
  `confirmed_at` datetime DEFAULT NULL,
  `created_at` datetime DEFAULT CURRENT_TIMESTAMP,
  `updated_at` datetime DEFAULT CURRENT_TIMESTAMP ON UPDATE CURRENT_TIMESTAMP,
  PRIMARY KEY (`user_id`,`friend_id`),
  KEY `friendship_friend_id_fk` (`friend_id`),
  KEY `friendship_status_id_fk` (`status_id`),
  CONSTRAINT `friendship_friend_id_fk` FOREIGN KEY (`friend_id`) REFERENCES `users` (`id`) ON DELETE CASCADE ON UPDATE CASCADE,
  CONSTRAINT `friendship_status_id_fk` FOREIGN KEY (`status_id`) REFERENCES `friendship_statuses` (`id`) ON DELETE CASCADE ON UPDATE CASCADE,
  CONSTRAINT `friendship_user_id_fk` FOREIGN KEY (`user_id`) REFERENCES `users` (`id`) ON DELETE CASCADE ON UPDATE CASCADE
) ENGINE=InnoDB DEFAULT CHARSET=utf8 COLLATE=utf8_unicode_ci;
/*!40101 SET character_set_client = @saved_cs_client */;

--
-- Dumping data for table `friendship`
--

LOCK TABLES `friendship` WRITE;
/*!40000 ALTER TABLE `friendship` DISABLE KEYS */;
INSERT INTO `friendship` VALUES (4,14,2,'1973-07-23 00:23:20','1973-01-02 09:05:21','2020-11-17 02:32:06'),(4,91,1,'2007-08-21 22:20:37','1970-04-11 07:08:21','2020-11-17 02:37:13'),(5,10,2,'1985-01-02 06:58:18','1972-04-14 09:58:34','2020-11-17 02:37:13'),(5,62,2,'2019-06-12 03:07:56','1986-02-26 11:15:47','2020-11-17 02:37:13'),(6,12,1,'2020-11-17 02:43:31','2004-10-08 09:44:32','2020-11-17 02:43:31'),(7,66,2,'2020-11-17 02:43:31','1992-03-20 11:52:29','2020-11-17 02:43:31'),(8,44,2,'2020-11-17 02:43:31','2002-12-08 07:04:30','2020-11-17 02:43:31'),(8,78,2,'2007-01-26 22:38:33','1980-10-27 20:39:04','2020-11-17 02:32:06'),(12,30,2,'2020-11-17 02:43:31','2011-07-07 09:54:27','2020-11-17 02:43:31'),(12,58,1,'2020-11-17 02:43:31','2005-10-09 17:34:16','2020-11-17 02:43:31'),(13,56,2,'2020-11-17 02:43:31','2018-12-19 19:21:14','2020-11-17 02:43:31'),(13,74,3,'2020-11-17 02:43:31','1998-01-20 03:06:36','2020-11-17 02:43:31'),(14,3,3,'2020-11-17 02:43:31','2007-06-05 21:58:42','2020-11-17 02:43:31'),(14,29,1,'2020-11-17 02:43:31','2014-10-06 07:31:53','2020-11-17 02:43:31'),(14,40,2,'2020-11-17 02:43:31','1997-08-25 11:46:26','2020-11-17 02:43:31'),(15,26,2,'2020-11-17 02:43:31','2014-08-21 18:34:26','2020-11-17 02:43:31'),(16,41,1,'2020-11-17 02:43:31','1999-11-26 05:08:26','2020-11-17 02:43:31'),(18,26,3,'2020-11-17 02:43:31','2019-02-13 12:26:21','2020-11-17 02:43:31'),(18,70,2,'2020-11-17 02:43:31','2019-08-13 20:48:09','2020-11-17 02:43:31'),(21,6,1,'2020-11-17 02:43:31','2012-05-24 02:56:37','2020-11-17 02:43:31'),(22,54,3,'2020-11-17 02:43:31','1994-09-29 22:25:50','2020-11-17 02:43:31'),(24,11,1,'1982-11-03 22:26:43','1971-05-03 00:40:55','2020-11-17 02:37:13'),(24,56,1,'2020-09-19 16:38:53','1982-06-04 05:17:30','2020-11-17 02:37:13'),(26,61,2,'2020-11-17 02:43:31','1988-06-10 23:08:42','2020-11-17 02:43:31'),(27,53,2,'2017-06-28 11:56:38','2005-11-18 04:02:33','2020-11-17 02:32:06'),(31,6,1,'2020-11-17 02:43:31','2020-08-19 08:13:43','2020-11-17 02:43:31'),(31,32,2,'2020-11-17 02:43:31','1996-09-21 16:31:28','2020-11-17 02:43:31'),(35,43,1,'2020-11-17 02:43:31','2004-08-01 16:25:10','2020-11-17 02:43:31'),(37,67,1,'2015-04-08 12:30:26','1998-01-27 02:32:52','2020-11-17 02:37:13'),(38,12,3,'2003-11-17 14:26:55','1992-10-20 19:21:33','2020-11-17 02:32:06'),(38,30,2,'2016-11-10 04:50:02','2008-10-12 14:39:08','2020-11-17 02:37:13'),(38,100,1,'2020-11-17 02:43:31','2003-04-25 22:36:05','2020-11-17 02:43:31'),(39,7,2,'1979-01-29 19:44:46','1974-12-03 05:19:08','2020-11-17 02:32:06'),(41,47,3,'1985-02-18 02:16:16','1977-06-25 19:21:17','2020-11-17 02:32:06'),(41,67,1,'2017-07-25 00:24:52','2007-11-22 15:37:43','2020-11-17 02:32:06'),(43,44,2,'2010-04-14 07:31:06','1994-08-03 03:37:58','2020-11-17 02:37:13'),(44,83,3,'2020-11-17 02:43:31','1975-11-21 13:11:30','2020-11-17 02:43:31'),(45,25,1,'2020-11-17 02:43:31','1994-09-13 18:43:55','2020-11-17 02:43:31'),(45,52,1,'2020-11-17 02:43:31','1980-07-30 14:21:44','2020-11-17 02:43:31'),(46,69,3,'2020-11-17 02:43:31','2010-11-02 23:55:27','2020-11-17 02:43:31'),(46,77,3,'2019-08-07 23:06:59','1976-09-12 19:51:12','2020-11-17 02:37:13'),(46,96,1,'2020-11-17 02:43:31','2001-06-30 17:35:30','2020-11-17 02:43:31'),(48,8,1,'2020-11-17 02:43:31','2004-11-22 15:05:06','2020-11-17 02:43:31'),(51,41,3,'2020-11-17 02:43:31','1992-04-13 21:09:08','2020-11-17 02:43:31'),(53,21,3,'2003-02-22 17:34:01','1991-01-13 22:41:28','2020-11-17 02:37:13'),(55,36,1,'1986-08-01 15:16:54','1984-11-27 02:13:03','2020-11-17 02:32:06'),(55,49,3,'2012-04-20 11:58:17','1991-02-07 02:14:41','2020-11-17 02:37:13'),(55,76,3,'2016-09-26 13:19:39','1990-12-11 02:56:21','2020-11-17 02:37:13'),(56,4,3,'2004-09-13 23:48:22','1992-11-07 21:32:10','2020-11-17 02:37:13'),(58,6,3,'1995-07-18 07:31:34','1975-06-15 20:09:44','2020-11-17 02:32:06'),(58,66,1,'2017-07-02 10:02:37','2008-12-20 05:12:18','2020-11-17 02:37:13'),(58,69,1,'2014-08-23 13:28:54','1988-11-07 20:36:57','2020-11-17 02:37:13'),(59,31,1,'2003-07-20 15:21:39','1990-07-28 16:20:12','2020-11-17 02:32:06'),(61,11,3,'2007-05-27 19:34:26','1971-01-02 02:26:29','2020-11-17 02:37:13'),(61,74,1,'2018-07-20 04:59:33','2000-04-20 12:34:46','2020-11-17 02:37:13'),(61,83,2,'2020-11-17 02:43:31','1975-06-24 17:16:23','2020-11-17 02:43:31'),(64,3,2,'2020-11-17 02:43:31','1993-05-05 18:46:13','2020-11-17 02:43:31'),(64,86,2,'2020-11-17 02:43:31','2006-12-21 14:34:01','2020-11-17 02:43:31'),(65,73,3,'2015-12-09 01:05:48','1989-06-27 06:39:34','2020-11-17 02:37:13'),(66,82,2,'2002-04-27 00:56:41','1986-11-18 13:23:07','2020-11-17 02:37:13'),(67,13,3,'2020-11-17 02:43:31','2020-08-04 19:44:58','2020-11-17 02:43:31'),(67,96,1,'1977-11-09 06:03:42','1970-05-04 21:42:50','2020-11-17 02:37:13'),(70,20,2,'2020-11-17 02:43:31','1985-05-22 01:03:20','2020-11-17 02:43:31'),(70,46,3,'2020-11-17 02:43:31','2016-12-30 08:55:46','2020-11-17 02:43:31'),(72,16,1,'2020-11-17 02:43:31','1996-04-25 13:10:56','2020-11-17 02:43:31'),(72,55,3,'2020-11-17 02:43:31','2016-12-22 08:45:11','2020-11-17 02:43:31'),(73,43,2,'2020-11-17 02:43:31','2008-04-14 22:07:44','2020-11-17 02:43:31'),(73,89,3,'2011-11-23 00:36:05','1981-10-10 09:29:28','2020-11-17 02:32:06'),(74,88,1,'2020-11-17 02:43:31','2012-04-10 13:22:14','2020-11-17 02:43:31'),(74,92,2,'2011-01-06 04:11:47','1975-07-17 07:01:17','2020-11-17 02:37:13'),(75,4,3,'2010-08-23 22:41:14','2005-07-09 02:45:23','2020-11-17 02:37:13'),(75,60,2,'2020-11-17 02:43:31','2020-04-22 02:18:57','2020-11-17 02:43:31'),(75,62,1,'2013-10-03 10:45:50','1970-05-20 17:59:13','2020-11-17 02:32:06'),(76,87,3,'2020-11-17 02:43:31','1994-08-26 13:31:16','2020-11-17 02:43:31'),(76,89,1,'1997-10-28 20:11:52','1979-03-01 00:50:36','2020-11-17 02:32:06'),(78,1,2,'1996-02-22 11:33:40','1982-01-24 15:20:37','2020-11-17 02:37:13'),(82,61,3,'2020-11-17 02:43:31','2006-12-16 05:26:50','2020-11-17 02:43:31'),(82,78,2,'1978-02-02 21:49:36','1976-04-25 09:57:37','2020-11-17 02:37:13'),(83,5,1,'2019-02-09 19:38:17','2013-08-11 20:18:45','2020-11-17 02:32:06'),(83,55,1,'2020-11-17 02:43:31','2002-08-23 22:01:12','2020-11-17 02:43:31'),(84,18,2,'2020-11-17 02:43:31','2010-01-27 00:06:41','2020-11-17 02:43:31'),(84,72,2,'2016-02-25 05:34:20','1998-11-09 18:04:37','2020-11-17 02:37:13'),(84,100,3,'2020-11-17 02:43:31','2016-12-09 12:29:40','2020-11-17 02:43:31'),(86,44,2,'2020-11-17 02:43:31','1984-07-10 15:22:30','2020-11-17 02:43:31'),(86,49,3,'2020-11-17 02:43:31','2012-03-25 07:48:05','2020-11-17 02:43:31'),(86,73,2,'2020-11-17 02:43:31','2014-11-26 00:58:05','2020-11-17 02:43:31'),(87,5,3,'2020-11-17 02:43:31','2019-08-12 00:47:12','2020-11-17 02:43:31'),(88,91,2,'1992-07-26 00:34:23','1975-03-26 23:04:35','2020-11-17 02:37:13'),(89,70,2,'2012-10-20 11:31:19','2008-11-17 12:49:45','2020-11-17 02:37:13'),(89,85,1,'1993-04-26 11:06:29','1985-06-03 22:03:25','2020-11-17 02:37:13'),(91,76,3,'2000-06-07 12:57:35','1992-01-13 13:38:50','2020-11-17 02:32:06'),(92,31,3,'2020-11-17 02:43:31','1986-03-10 04:19:16','2020-11-17 02:43:31'),(92,48,3,'2020-11-17 02:43:31','1994-09-27 12:17:37','2020-11-17 02:43:31'),(92,53,1,'2020-11-17 02:43:31','2019-03-17 22:17:27','2020-11-17 02:43:31'),(92,84,1,'2020-11-17 02:43:31','1982-04-23 02:10:41','2020-11-17 02:43:31'),(92,91,2,'2020-11-17 02:43:31','2014-03-10 18:42:30','2020-11-17 02:43:31'),(94,47,1,'2015-12-15 01:31:21','2012-12-31 20:07:04','2020-11-17 02:37:13'),(96,92,3,'2020-11-17 02:43:31','2016-03-09 17:22:09','2020-11-17 02:43:31'),(97,57,1,'2019-09-04 23:36:52','1985-01-10 17:26:50','2020-11-17 02:37:13'),(100,15,1,'2001-10-07 06:09:53','1995-12-03 19:52:19','2020-11-17 02:37:13');
/*!40000 ALTER TABLE `friendship` ENABLE KEYS */;
UNLOCK TABLES;

--
-- Table structure for table `friendship_statuses`
--

DROP TABLE IF EXISTS `friendship_statuses`;
/*!40101 SET @saved_cs_client     = @@character_set_client */;
/*!50503 SET character_set_client = utf8mb4 */;
CREATE TABLE `friendship_statuses` (
  `id` int unsigned NOT NULL AUTO_INCREMENT,
  `name` varchar(150) CHARACTER SET utf8 COLLATE utf8_unicode_ci NOT NULL,
  `created_at` datetime DEFAULT CURRENT_TIMESTAMP,
  `updated_at` datetime DEFAULT CURRENT_TIMESTAMP ON UPDATE CURRENT_TIMESTAMP,
  PRIMARY KEY (`id`),
  UNIQUE KEY `name` (`name`)
) ENGINE=InnoDB AUTO_INCREMENT=4 DEFAULT CHARSET=utf8 COLLATE=utf8_unicode_ci;
/*!40101 SET character_set_client = @saved_cs_client */;

--
-- Dumping data for table `friendship_statuses`
--

LOCK TABLES `friendship_statuses` WRITE;
/*!40000 ALTER TABLE `friendship_statuses` DISABLE KEYS */;
INSERT INTO `friendship_statuses` VALUES (1,'Requested','2020-11-17 02:37:04','2020-11-17 02:37:04'),(2,'Confirmed','2020-11-17 02:37:04','2020-11-17 02:37:04'),(3,'Rejected','2020-11-17 02:37:04','2020-11-17 02:37:04');
/*!40000 ALTER TABLE `friendship_statuses` ENABLE KEYS */;
UNLOCK TABLES;

--
-- Table structure for table `likes`
--

DROP TABLE IF EXISTS `likes`;
/*!40101 SET @saved_cs_client     = @@character_set_client */;
/*!50503 SET character_set_client = utf8mb4 */;
CREATE TABLE `likes` (
  `id` int unsigned NOT NULL AUTO_INCREMENT,
  `user_id` int unsigned NOT NULL,
  `target_id` int unsigned NOT NULL,
  `target_type_id` int unsigned NOT NULL,
  `created_at` datetime DEFAULT CURRENT_TIMESTAMP,
  PRIMARY KEY (`id`),
  KEY `likes_user_id_fk` (`user_id`),
  KEY `likes_target_type_id_fk` (`target_type_id`),
  CONSTRAINT `likes_target_type_id_fk` FOREIGN KEY (`target_type_id`) REFERENCES `target_types` (`id`) ON DELETE CASCADE ON UPDATE CASCADE,
  CONSTRAINT `likes_user_id_fk` FOREIGN KEY (`user_id`) REFERENCES `users` (`id`) ON DELETE CASCADE ON UPDATE CASCADE
) ENGINE=InnoDB AUTO_INCREMENT=101 DEFAULT CHARSET=utf8mb4 COLLATE=utf8mb4_0900_ai_ci;
/*!40101 SET character_set_client = @saved_cs_client */;

--
-- Dumping data for table `likes`
--

LOCK TABLES `likes` WRITE;
/*!40000 ALTER TABLE `likes` DISABLE KEYS */;
INSERT INTO `likes` VALUES (1,15,50,1,'2020-11-24 23:50:41'),(2,47,64,4,'2020-11-24 23:50:41'),(3,54,18,2,'2020-11-24 23:50:41'),(4,52,82,3,'2020-11-24 23:50:41'),(5,34,77,4,'2020-11-24 23:50:41'),(6,38,16,3,'2020-11-24 23:50:41'),(7,63,49,3,'2020-11-24 23:50:41'),(8,1,67,2,'2020-11-24 23:50:41'),(9,17,13,1,'2020-11-24 23:50:41'),(10,100,38,4,'2020-11-24 23:50:41'),(11,22,71,4,'2020-11-24 23:50:41'),(12,61,7,2,'2020-11-24 23:50:41'),(13,58,94,4,'2020-11-24 23:50:41'),(14,89,51,4,'2020-11-24 23:50:41'),(15,62,8,3,'2020-11-24 23:50:41'),(16,86,66,3,'2020-11-24 23:50:41'),(17,28,91,3,'2020-11-24 23:50:41'),(18,14,13,1,'2020-11-24 23:50:41'),(19,25,21,2,'2020-11-24 23:50:41'),(20,54,78,2,'2020-11-24 23:50:41'),(21,25,58,1,'2020-11-24 23:50:41'),(22,50,70,4,'2020-11-24 23:50:41'),(23,98,12,3,'2020-11-24 23:50:41'),(24,98,33,3,'2020-11-24 23:50:41'),(25,30,14,4,'2020-11-24 23:50:41'),(26,51,46,4,'2020-11-24 23:50:41'),(27,94,74,4,'2020-11-24 23:50:41'),(28,59,96,1,'2020-11-24 23:50:41'),(29,26,33,4,'2020-11-24 23:50:41'),(30,7,26,1,'2020-11-24 23:50:41'),(31,83,18,2,'2020-11-24 23:50:41'),(32,29,80,1,'2020-11-24 23:50:41'),(33,78,50,1,'2020-11-24 23:50:41'),(34,98,3,1,'2020-11-24 23:50:41'),(35,36,22,1,'2020-11-24 23:50:41'),(36,68,91,2,'2020-11-24 23:50:41'),(37,50,16,2,'2020-11-24 23:50:41'),(38,59,88,3,'2020-11-24 23:50:41'),(39,44,99,3,'2020-11-24 23:50:41'),(40,94,44,2,'2020-11-24 23:50:41'),(41,12,58,3,'2020-11-24 23:50:41'),(42,2,19,4,'2020-11-24 23:50:41'),(43,85,70,4,'2020-11-24 23:50:41'),(44,59,7,3,'2020-11-24 23:50:41'),(45,98,49,3,'2020-11-24 23:50:41'),(46,84,21,3,'2020-11-24 23:50:41'),(47,92,85,2,'2020-11-24 23:50:41'),(48,74,21,4,'2020-11-24 23:50:41'),(49,21,42,2,'2020-11-24 23:50:41'),(50,58,93,4,'2020-11-24 23:50:41'),(51,75,14,2,'2020-11-24 23:50:41'),(52,98,54,3,'2020-11-24 23:50:41'),(53,9,88,1,'2020-11-24 23:50:41'),(54,83,87,4,'2020-11-24 23:50:41'),(55,97,90,3,'2020-11-24 23:50:41'),(56,37,64,1,'2020-11-24 23:50:41'),(57,94,39,1,'2020-11-24 23:50:41'),(58,94,68,3,'2020-11-24 23:50:41'),(59,46,49,1,'2020-11-24 23:50:41'),(60,60,76,4,'2020-11-24 23:50:41'),(61,2,44,1,'2020-11-24 23:50:41'),(62,91,12,4,'2020-11-24 23:50:41'),(63,82,58,2,'2020-11-24 23:50:41'),(64,42,92,2,'2020-11-24 23:50:41'),(65,79,16,2,'2020-11-24 23:50:41'),(66,68,76,3,'2020-11-24 23:50:41'),(67,51,46,3,'2020-11-24 23:50:41'),(68,61,61,1,'2020-11-24 23:50:41'),(69,37,69,2,'2020-11-24 23:50:41'),(70,41,87,1,'2020-11-24 23:50:41'),(71,38,29,2,'2020-11-24 23:50:41'),(72,40,64,1,'2020-11-24 23:50:41'),(73,56,87,3,'2020-11-24 23:50:41'),(74,40,28,1,'2020-11-24 23:50:41'),(75,88,29,4,'2020-11-24 23:50:41'),(76,72,93,2,'2020-11-24 23:50:41'),(77,59,29,3,'2020-11-24 23:50:41'),(78,95,19,1,'2020-11-24 23:50:41'),(79,26,23,2,'2020-11-24 23:50:41'),(80,76,16,3,'2020-11-24 23:50:41'),(81,68,12,3,'2020-11-24 23:50:41'),(82,63,98,4,'2020-11-24 23:50:41'),(83,91,1,2,'2020-11-24 23:50:41'),(84,53,12,4,'2020-11-24 23:50:41'),(85,10,41,3,'2020-11-24 23:50:41'),(86,59,99,1,'2020-11-24 23:50:41'),(87,26,87,3,'2020-11-24 23:50:41'),(88,15,16,2,'2020-11-24 23:50:41'),(89,17,44,3,'2020-11-24 23:50:41'),(90,72,54,3,'2020-11-24 23:50:41'),(91,36,55,3,'2020-11-24 23:50:41'),(92,6,79,4,'2020-11-24 23:50:41'),(93,83,23,3,'2020-11-24 23:50:41'),(94,46,7,4,'2020-11-24 23:50:41'),(95,13,100,3,'2020-11-24 23:50:41'),(96,33,42,1,'2020-11-24 23:50:41'),(97,57,99,1,'2020-11-24 23:50:41'),(98,39,90,2,'2020-11-24 23:50:41'),(99,50,17,2,'2020-11-24 23:50:41'),(100,27,62,2,'2020-11-24 23:50:41');
/*!40000 ALTER TABLE `likes` ENABLE KEYS */;
UNLOCK TABLES;

--
-- Table structure for table `media`
--

DROP TABLE IF EXISTS `media`;
/*!40101 SET @saved_cs_client     = @@character_set_client */;
/*!50503 SET character_set_client = utf8mb4 */;
CREATE TABLE `media` (
  `id` int unsigned NOT NULL AUTO_INCREMENT,
  `user_id` int unsigned NOT NULL,
  `filename` varchar(255) CHARACTER SET utf8 COLLATE utf8_unicode_ci NOT NULL,
  `size` int NOT NULL,
  `metadata` json DEFAULT NULL,
  `media_type_id` int unsigned NOT NULL,
  `created_at` datetime DEFAULT CURRENT_TIMESTAMP,
  `updated_at` datetime DEFAULT CURRENT_TIMESTAMP ON UPDATE CURRENT_TIMESTAMP,
  PRIMARY KEY (`id`),
  KEY `media_user_id_fk` (`user_id`),
  KEY `media_media_type_id_fk` (`media_type_id`),
  CONSTRAINT `media_media_type_id_fk` FOREIGN KEY (`media_type_id`) REFERENCES `media_types` (`id`) ON DELETE CASCADE ON UPDATE CASCADE,
  CONSTRAINT `media_user_id_fk` FOREIGN KEY (`user_id`) REFERENCES `users` (`id`) ON DELETE CASCADE ON UPDATE CASCADE,
  CONSTRAINT `media_chk_1` CHECK (json_valid(`metadata`))
) ENGINE=InnoDB AUTO_INCREMENT=101 DEFAULT CHARSET=utf8 COLLATE=utf8_unicode_ci;
/*!40101 SET character_set_client = @saved_cs_client */;

--
-- Dumping data for table `media`
--

LOCK TABLES `media` WRITE;
/*!40000 ALTER TABLE `media` DISABLE KEYS */;
INSERT INTO `media` VALUES (1,4,'http://dropbox.net/vk/voluptas.jpeg',31074131,'{\"owner\": \"Sandrine Heathcote\"}',1,'2019-12-08 04:05:22','2020-11-17 02:29:38'),(2,6,'http://dropbox.net/vk/ad.png',8587,'{\"owner\": \"Berry Treutel\"}',2,'2014-06-30 16:12:54','2017-10-09 05:36:21'),(3,65,'http://dropbox.net/vk/eveniet.jpeg',6046,'{\"owner\": \"Earnest Denesik\"}',1,'2015-10-06 12:22:10','2020-05-06 19:06:25'),(4,13,'http://dropbox.net/vk/corporis.jpeg',3859,'{\"owner\": \"Fiona Lakin\"}',3,'2020-05-23 11:29:32','2020-11-17 02:29:38'),(5,21,'http://dropbox.net/vk/consequuntur.jpeg',2141547,'{\"owner\": \"Isom Little\"}',1,'2012-05-02 15:25:16','2014-07-12 06:43:01'),(6,3,'http://dropbox.net/vk/deserunt.avi',227895,'{\"owner\": \"Casimer Runolfsdottir\"}',1,'2017-04-24 00:35:02','2017-11-25 13:28:03'),(7,3,'http://dropbox.net/vk/ut.mpeg',22299,'{\"owner\": \"Casimer Runolfsdottir\"}',1,'2013-10-27 20:30:27','2020-11-17 02:29:38'),(8,76,'http://dropbox.net/vk/earum.jpeg',229530,'{\"owner\": \"Nova Ryan\"}',1,'2013-10-11 21:57:02','2018-10-29 06:33:27'),(9,73,'http://dropbox.net/vk/maxime.avi',46528761,'{\"owner\": \"Immanuel Mills\"}',1,'2018-08-04 13:36:33','2019-09-24 08:49:35'),(10,79,'http://dropbox.net/vk/consequatur.mpeg',70752,'{\"owner\": \"Demetrius Bartell\"}',2,'2017-02-03 12:50:08','2020-10-02 22:12:39'),(11,5,'http://dropbox.net/vk/suscipit.jpeg',1980,'{\"owner\": \"Susie Lockman\"}',3,'2020-10-11 21:11:35','2020-11-17 02:29:38'),(12,99,'http://dropbox.net/vk/iusto.jpeg',655169,'{\"owner\": \"Ebony Hilpert\"}',2,'2013-08-03 14:16:13','2015-03-18 08:47:26'),(13,72,'http://dropbox.net/vk/dolores.avi',66643735,'{\"owner\": \"Camden Bruen\"}',3,'2013-09-20 22:11:42','2014-07-12 06:43:01'),(14,61,'http://dropbox.net/vk/dolores.avi',53591,'{\"owner\": \"Hailey Volkman\"}',2,'2016-12-29 06:48:33','2020-11-17 02:29:38'),(15,99,'http://dropbox.net/vk/et.png',292448,'{\"owner\": \"Ebony Hilpert\"}',3,'2013-04-19 17:51:52','2015-08-30 09:35:53'),(16,100,'http://dropbox.net/vk/quis.mpeg',65674,'{\"owner\": \"Ebony Green\"}',1,'2015-07-28 22:51:18','2020-11-17 02:29:38'),(17,11,'http://dropbox.net/vk/inventore.avi',3112584,'{\"owner\": \"Guy Durgan\"}',2,'2014-08-03 18:05:03','2018-06-30 05:30:34'),(18,75,'http://dropbox.net/vk/corporis.mpeg',6570,'{\"owner\": \"Andre Kerluke\"}',2,'2019-08-27 18:50:53','2020-11-17 02:29:38'),(19,91,'http://dropbox.net/vk/ut.png',291467,'{\"owner\": \"Lacy Wilderman\"}',3,'2016-01-08 10:05:29','2019-09-24 08:49:35'),(20,55,'http://dropbox.net/vk/recusandae.mpeg',569991,'{\"owner\": \"Carolyn Baumbach\"}',1,'2012-06-25 03:28:28','2014-05-19 17:13:21'),(21,20,'http://dropbox.net/vk/officiis.png',135562,'{\"owner\": \"Maiya Lemke\"}',1,'2019-07-09 16:59:36','2020-11-17 02:29:38'),(22,29,'http://dropbox.net/vk/accusantium.png',19921331,'{\"owner\": \"Daphney Wolf\"}',2,'2011-04-04 05:20:12','2019-10-16 21:55:07'),(23,25,'http://dropbox.net/vk/sunt.jpeg',30126,'{\"owner\": \"Amiya Larson\"}',1,'2020-05-30 04:08:20','2020-11-17 02:29:38'),(24,16,'http://dropbox.net/vk/accusamus.mpeg',8798331,'{\"owner\": \"Zander Conroy\"}',2,'2011-10-13 22:05:37','2017-09-24 01:48:33'),(25,100,'http://dropbox.net/vk/enim.png',5385,'{\"owner\": \"Ebony Green\"}',2,'2011-07-09 16:07:55','2020-11-17 02:29:38'),(26,64,'http://dropbox.net/vk/atque.mpeg',965554,'{\"owner\": \"Darius Torp\"}',2,'2015-04-09 05:53:41','2017-05-02 12:18:46'),(27,27,'http://dropbox.net/vk/provident.mpeg',830024963,'{\"owner\": \"Theron Murphy\"}',3,'2020-03-22 23:51:59','2020-11-17 02:29:38'),(28,61,'http://dropbox.net/vk/voluptatibus.jpeg',796679,'{\"owner\": \"Hailey Volkman\"}',1,'2015-11-22 05:54:54','2018-09-26 02:08:28'),(29,72,'http://dropbox.net/vk/esse.jpeg',107799,'{\"owner\": \"Camden Bruen\"}',3,'2020-08-11 19:10:41','2020-11-17 02:29:38'),(30,29,'http://dropbox.net/vk/voluptate.avi',79749014,'{\"owner\": \"Daphney Wolf\"}',3,'2011-07-22 04:05:57','2020-11-17 02:29:38'),(31,37,'http://dropbox.net/vk/nobis.avi',865507,'{\"owner\": \"Mauricio Torphy\"}',3,'2011-01-04 19:23:51','2015-12-05 05:37:09'),(32,36,'http://dropbox.net/vk/sunt.avi',632332,'{\"owner\": \"Wilber Mayert\"}',2,'2016-06-15 08:59:52','2020-11-17 02:29:38'),(33,51,'http://dropbox.net/vk/totam.png',828262,'{\"owner\": \"Angie Jaskolski\"}',1,'2012-09-11 13:41:44','2019-02-20 22:43:08'),(34,58,'http://dropbox.net/vk/aut.mpeg',234318,'{\"owner\": \"Brendon Rutherford\"}',2,'2015-07-28 22:24:32','2020-11-17 02:29:38'),(35,46,'http://dropbox.net/vk/praesentium.avi',676804,'{\"owner\": \"Hollie Balistreri\"}',1,'2012-11-08 07:20:55','2018-07-08 04:53:57'),(36,84,'http://dropbox.net/vk/expedita.jpeg',9061784,'{\"owner\": \"Edd Kilback\"}',3,'2017-09-04 00:57:10','2020-04-27 21:24:21'),(37,86,'http://dropbox.net/vk/at.avi',671066,'{\"owner\": \"Garry West\"}',1,'2018-06-25 05:22:07','2018-10-29 06:33:27'),(38,29,'http://dropbox.net/vk/eos.png',5172,'{\"owner\": \"Daphney Wolf\"}',2,'2014-04-27 03:30:35','2015-05-22 20:16:20'),(39,59,'http://dropbox.net/vk/quia.jpeg',314917,'{\"owner\": \"Hudson Hegmann\"}',2,'2013-04-18 22:52:30','2018-10-29 06:33:27'),(40,78,'http://dropbox.net/vk/qui.png',8454271,'{\"owner\": \"Cristian Runolfsdottir\"}',2,'2020-03-16 09:03:31','2020-11-17 02:29:38'),(41,29,'http://dropbox.net/vk/qui.png',551387,'{\"owner\": \"Daphney Wolf\"}',1,'2016-06-11 07:02:24','2016-09-20 05:20:32'),(42,18,'http://dropbox.net/vk/repellendus.jpeg',12593445,'{\"owner\": \"Eula Waters\"}',3,'2019-06-12 22:47:18','2020-11-17 02:29:38'),(43,2,'http://dropbox.net/vk/ea.jpeg',9525125,'{\"owner\": \"Woodrow Gottlieb\"}',2,'2012-02-21 18:18:09','2013-06-21 17:47:55'),(44,33,'http://dropbox.net/vk/ut.png',802186,'{\"owner\": \"Donnie Witting\"}',1,'2012-12-25 23:50:35','2020-07-04 09:47:54'),(45,34,'http://dropbox.net/vk/ut.png',346768,'{\"owner\": \"Reece Sawayn\"}',3,'2011-01-22 15:38:57','2014-10-20 03:35:42'),(46,86,'http://dropbox.net/vk/maxime.mpeg',969645,'{\"owner\": \"Garry West\"}',1,'2018-05-09 11:56:25','2020-11-17 02:29:38'),(47,78,'http://dropbox.net/vk/sed.mpeg',71538,'{\"owner\": \"Cristian Runolfsdottir\"}',2,'2012-03-27 01:52:17','2020-11-17 02:29:38'),(48,81,'http://dropbox.net/vk/est.png',9509738,'{\"owner\": \"Paul Weber\"}',3,'2016-09-28 23:28:26','2018-10-15 09:24:33'),(49,72,'http://dropbox.net/vk/eius.png',317282,'{\"owner\": \"Camden Bruen\"}',1,'2013-07-04 14:47:13','2018-06-03 18:57:00'),(50,57,'http://dropbox.net/vk/aspernatur.png',880706157,'{\"owner\": \"Dameon Hartmann\"}',1,'2011-10-20 18:32:17','2020-10-06 20:55:53'),(51,81,'http://dropbox.net/vk/quidem.jpeg',41114528,'{\"owner\": \"Paul Weber\"}',3,'2019-03-11 22:16:52','2020-11-17 02:29:38'),(52,85,'http://dropbox.net/vk/quaerat.jpeg',536106,'{\"owner\": \"Kianna Morar\"}',1,'2011-03-11 22:56:53','2019-01-02 14:15:46'),(53,56,'http://dropbox.net/vk/in.jpeg',8135486,'{\"owner\": \"Kelly Koch\"}',3,'2011-10-25 04:49:19','2013-10-21 12:57:06'),(54,9,'http://dropbox.net/vk/repellat.mpeg',718687,'{\"owner\": \"Marietta Howell\"}',3,'2011-05-05 19:22:54','2020-07-04 09:47:54'),(55,53,'http://dropbox.net/vk/culpa.avi',267465414,'{\"owner\": \"Anne Fritsch\"}',3,'2019-06-06 05:25:05','2020-04-10 23:21:52'),(56,79,'http://dropbox.net/vk/ut.jpeg',975116,'{\"owner\": \"Demetrius Bartell\"}',1,'2018-05-13 20:16:28','2020-11-17 02:29:38'),(57,72,'http://dropbox.net/vk/quidem.png',709520,'{\"owner\": \"Camden Bruen\"}',2,'2018-04-02 13:22:38','2020-10-02 22:12:39'),(58,38,'http://dropbox.net/vk/sint.jpeg',612252,'{\"owner\": \"Julie Rolfson\"}',1,'2020-02-23 11:52:59','2020-11-17 02:29:38'),(59,49,'http://dropbox.net/vk/asperiores.jpeg',922699,'{\"owner\": \"Jewell Koss\"}',1,'2020-07-09 19:01:01','2020-11-17 02:29:38'),(60,71,'http://dropbox.net/vk/amet.avi',9028,'{\"owner\": \"Kirk Kris\"}',2,'2017-10-14 18:48:58','2020-11-17 02:29:38'),(61,69,'http://dropbox.net/vk/blanditiis.jpeg',93979,'{\"owner\": \"Marcelina McLaughlin\"}',2,'2011-10-30 13:56:47','2020-11-17 02:29:38'),(62,28,'http://dropbox.net/vk/temporibus.avi',766743,'{\"owner\": \"Carmella Langworth\"}',2,'2018-08-15 11:01:03','2020-11-17 02:29:38'),(63,63,'http://dropbox.net/vk/aliquid.avi',55616,'{\"owner\": \"Orlo Mayer\"}',3,'2012-01-26 17:12:32','2014-05-10 08:01:41'),(64,81,'http://dropbox.net/vk/quo.mpeg',8890,'{\"owner\": \"Paul Weber\"}',2,'2013-05-18 12:35:38','2016-07-10 15:37:10'),(65,8,'http://dropbox.net/vk/neque.avi',967851,'{\"owner\": \"Ward Dickens\"}',3,'2017-05-26 16:18:07','2020-11-17 02:29:38'),(66,72,'http://dropbox.net/vk/et.mpeg',97913,'{\"owner\": \"Camden Bruen\"}',2,'2014-04-26 16:20:41','2015-03-23 11:59:54'),(67,55,'http://dropbox.net/vk/placeat.avi',197584,'{\"owner\": \"Carolyn Baumbach\"}',3,'2015-10-16 08:06:11','2018-06-09 11:30:52'),(68,57,'http://dropbox.net/vk/neque.jpeg',73815,'{\"owner\": \"Dameon Hartmann\"}',1,'2019-01-31 03:20:06','2020-11-17 02:29:38'),(69,9,'http://dropbox.net/vk/officiis.png',666129261,'{\"owner\": \"Marietta Howell\"}',2,'2017-01-12 14:03:33','2020-11-17 02:29:38'),(70,46,'http://dropbox.net/vk/aliquid.png',662410,'{\"owner\": \"Hollie Balistreri\"}',1,'2014-07-22 01:18:40','2016-12-02 03:05:16'),(71,8,'http://dropbox.net/vk/distinctio.jpeg',398497,'{\"owner\": \"Ward Dickens\"}',3,'2018-07-13 13:21:11','2020-11-17 02:29:38'),(72,54,'http://dropbox.net/vk/soluta.png',995255,'{\"owner\": \"Russ Orn\"}',2,'2018-08-24 00:46:48','2020-11-17 02:29:38'),(73,78,'http://dropbox.net/vk/culpa.avi',135500,'{\"owner\": \"Cristian Runolfsdottir\"}',1,'2019-03-02 02:19:32','2020-10-02 22:12:39'),(74,91,'http://dropbox.net/vk/fugiat.mpeg',770783,'{\"owner\": \"Lacy Wilderman\"}',3,'2015-11-30 17:08:54','2020-11-17 02:29:38'),(75,67,'http://dropbox.net/vk/et.jpeg',4586,'{\"owner\": \"Leonora Walker\"}',2,'2020-07-21 09:53:09','2020-11-17 02:29:38'),(76,18,'http://dropbox.net/vk/ut.jpeg',616833,'{\"owner\": \"Eula Waters\"}',1,'2012-05-25 05:49:36','2020-04-08 15:58:07'),(77,42,'http://dropbox.net/vk/exercitationem.png',3168,'{\"owner\": \"Cale Reynolds\"}',3,'2017-11-23 17:43:13','2020-11-17 02:29:38'),(78,91,'http://dropbox.net/vk/reiciendis.jpeg',858150,'{\"owner\": \"Lacy Wilderman\"}',1,'2014-09-07 18:40:20','2020-04-18 15:12:56'),(79,70,'http://dropbox.net/vk/qui.mpeg',3666213,'{\"owner\": \"Deangelo Keeling\"}',1,'2013-08-13 03:16:19','2020-04-18 15:12:56'),(80,10,'http://dropbox.net/vk/consequatur.png',1863,'{\"owner\": \"Armani Glover\"}',1,'2015-04-19 12:27:18','2019-07-28 12:36:48'),(81,10,'http://dropbox.net/vk/molestiae.avi',968405,'{\"owner\": \"Armani Glover\"}',3,'2019-08-05 18:07:33','2020-11-17 02:29:38'),(82,36,'http://dropbox.net/vk/placeat.jpeg',257572,'{\"owner\": \"Wilber Mayert\"}',1,'2018-01-29 14:04:08','2020-11-17 02:29:38'),(83,68,'http://dropbox.net/vk/voluptatibus.jpeg',471260,'{\"owner\": \"Arnulfo Yundt\"}',2,'2017-09-19 13:27:15','2020-11-17 02:29:38'),(84,59,'http://dropbox.net/vk/totam.mpeg',118446115,'{\"owner\": \"Hudson Hegmann\"}',2,'2013-08-28 23:05:30','2015-12-05 05:37:09'),(85,72,'http://dropbox.net/vk/rem.avi',372648,'{\"owner\": \"Camden Bruen\"}',2,'2014-12-12 05:17:20','2020-11-17 02:29:38'),(86,12,'http://dropbox.net/vk/autem.jpeg',80525,'{\"owner\": \"Mariane Gutmann\"}',1,'2015-12-08 01:20:49','2020-11-17 02:29:38'),(87,45,'http://dropbox.net/vk/molestiae.avi',95077838,'{\"owner\": \"Neva Witting\"}',1,'2017-05-24 18:17:29','2020-11-17 02:29:38'),(88,32,'http://dropbox.net/vk/eligendi.jpeg',274683,'{\"owner\": \"Carley Welch\"}',1,'2017-05-15 09:56:06','2019-01-02 14:15:46'),(89,27,'http://dropbox.net/vk/pariatur.jpeg',121837,'{\"owner\": \"Theron Murphy\"}',3,'2014-07-12 03:23:29','2014-09-12 14:33:32'),(90,75,'http://dropbox.net/vk/cum.mpeg',196330,'{\"owner\": \"Andre Kerluke\"}',1,'2016-06-12 15:33:29','2017-10-02 00:08:37'),(91,39,'http://dropbox.net/vk/placeat.mpeg',58745,'{\"owner\": \"Bruce Weimann\"}',3,'2011-04-05 05:48:57','2020-04-18 15:12:56'),(92,42,'http://dropbox.net/vk/deleniti.avi',775138,'{\"owner\": \"Cale Reynolds\"}',1,'2019-08-13 01:13:39','2020-11-17 02:29:38'),(93,17,'http://dropbox.net/vk/nostrum.avi',43867241,'{\"owner\": \"Alexandre Hyatt\"}',2,'2014-01-11 17:14:34','2020-04-18 15:12:56'),(94,20,'http://dropbox.net/vk/autem.avi',500180,'{\"owner\": \"Maiya Lemke\"}',3,'2016-01-30 05:58:43','2020-11-17 02:29:38'),(95,92,'http://dropbox.net/vk/et.png',99447841,'{\"owner\": \"Sonny Rowe\"}',2,'2020-06-27 22:42:41','2020-11-17 02:29:38'),(96,29,'http://dropbox.net/vk/explicabo.avi',58686,'{\"owner\": \"Daphney Wolf\"}',1,'2014-12-29 14:58:49','2020-10-06 20:55:53'),(97,23,'http://dropbox.net/vk/autem.avi',165485,'{\"owner\": \"Sylvia Purdy\"}',1,'2012-11-15 17:09:40','2014-05-10 08:01:41'),(98,25,'http://dropbox.net/vk/totam.png',58335,'{\"owner\": \"Amiya Larson\"}',3,'2015-07-14 18:04:06','2020-11-17 02:29:38'),(99,60,'http://dropbox.net/vk/accusantium.jpeg',316888,'{\"owner\": \"Aurore Witting\"}',1,'2018-05-01 05:06:17','2020-11-17 02:29:38'),(100,75,'http://dropbox.net/vk/est.jpeg',5854,'{\"owner\": \"Andre Kerluke\"}',2,'2011-01-31 00:41:56','2015-08-30 09:35:53');
/*!40000 ALTER TABLE `media` ENABLE KEYS */;
UNLOCK TABLES;

--
-- Table structure for table `media_types`
--

DROP TABLE IF EXISTS `media_types`;
/*!40101 SET @saved_cs_client     = @@character_set_client */;
/*!50503 SET character_set_client = utf8mb4 */;
CREATE TABLE `media_types` (
  `id` int unsigned NOT NULL AUTO_INCREMENT,
  `name` varchar(255) CHARACTER SET utf8 COLLATE utf8_unicode_ci NOT NULL,
  `created_at` datetime DEFAULT CURRENT_TIMESTAMP,
  `updated_at` datetime DEFAULT CURRENT_TIMESTAMP ON UPDATE CURRENT_TIMESTAMP,
  PRIMARY KEY (`id`),
  UNIQUE KEY `name` (`name`)
) ENGINE=InnoDB AUTO_INCREMENT=4 DEFAULT CHARSET=utf8 COLLATE=utf8_unicode_ci;
/*!40101 SET character_set_client = @saved_cs_client */;

--
-- Dumping data for table `media_types`
--

LOCK TABLES `media_types` WRITE;
/*!40000 ALTER TABLE `media_types` DISABLE KEYS */;
INSERT INTO `media_types` VALUES (1,'photo','2020-11-17 01:42:59','2020-11-17 01:42:59'),(2,'video','2020-11-17 01:42:59','2020-11-17 01:42:59'),(3,'audio','2020-11-17 01:42:59','2020-11-17 01:42:59');
/*!40000 ALTER TABLE `media_types` ENABLE KEYS */;
UNLOCK TABLES;

--
-- Table structure for table `messages`
--

DROP TABLE IF EXISTS `messages`;
/*!40101 SET @saved_cs_client     = @@character_set_client */;
/*!50503 SET character_set_client = utf8mb4 */;
CREATE TABLE `messages` (
  `id` int unsigned NOT NULL AUTO_INCREMENT,
  `from_user_id` int unsigned NOT NULL,
  `to_user_id` int unsigned NOT NULL,
  `body` text CHARACTER SET utf8 COLLATE utf8_unicode_ci NOT NULL,
  `media_id` int unsigned DEFAULT NULL,
  `is_important` tinyint(1) DEFAULT NULL,
  `is_delivered` tinyint(1) DEFAULT NULL,
  `created_at` datetime DEFAULT CURRENT_TIMESTAMP,
  PRIMARY KEY (`id`),
  KEY `messages_from_user_id_fk` (`from_user_id`),
  KEY `messages_to_user_id_fk` (`to_user_id`),
  CONSTRAINT `messages_from_user_id_fk` FOREIGN KEY (`from_user_id`) REFERENCES `users` (`id`),
  CONSTRAINT `messages_to_user_id_fk` FOREIGN KEY (`to_user_id`) REFERENCES `users` (`id`)
) ENGINE=InnoDB AUTO_INCREMENT=101 DEFAULT CHARSET=utf8 COLLATE=utf8_unicode_ci;
/*!40101 SET character_set_client = @saved_cs_client */;

--
-- Dumping data for table `messages`
--

LOCK TABLES `messages` WRITE;
/*!40000 ALTER TABLE `messages` DISABLE KEYS */;
INSERT INTO `messages` VALUES (1,39,13,'Tempora voluptatem eveniet qui. Doloribus natus vero incidunt in. Inventore nisi iusto aut omnis consequatur magnam numquam.',70,1,1,'2011-08-08 04:03:24'),(2,52,19,'Perferendis perferendis dolores non libero alias. Fugit ducimus dolorum itaque vel. Non occaecati ipsa autem modi dolorem.',2,0,0,'2012-11-30 10:50:36'),(3,69,85,'Hic vitae quo iure suscipit error a. Cum totam unde occaecati. Inventore quia sint aut atque odio.',99,0,0,'2020-10-02 22:12:39'),(4,28,31,'Est architecto quaerat eligendi hic ut. Itaque qui quidem ducimus et. Qui exercitationem vitae quibusdam. Corrupti vero veniam alias ipsa sit ex ea optio.',89,1,1,'2011-05-29 11:50:17'),(5,31,39,'Quae neque eum cum dolorum. Et sunt illo quo minus eligendi quaerat reiciendis. Odit recusandae est aut ut sequi autem et. Tempora alias fugiat optio.',46,0,1,'2018-11-06 03:07:26'),(6,36,1,'Non id perferendis ut quo repellat et. Iusto error optio omnis similique eos possimus. Vel ea deserunt fugit possimus optio.',62,0,1,'2017-02-08 03:01:21'),(7,35,46,'Exercitationem sint id ea officiis explicabo facere necessitatibus non. Nisi rerum voluptatibus mollitia ipsa perspiciatis in quas. Eum voluptatem id accusantium dolor. Est ipsum officiis aut fuga et cumque in.',73,0,0,'2014-07-12 06:43:01'),(8,79,35,'Illo commodi dolorum provident expedita aut dolorem. Fuga vel distinctio distinctio. Non nobis eius numquam dicta dolor.',80,0,1,'2017-05-20 19:26:51'),(9,17,78,'Sint ducimus dolorem ipsum molestiae ut. Nesciunt molestiae numquam ducimus quod eos. In distinctio perspiciatis qui omnis.',81,1,1,'2019-02-20 22:43:08'),(10,61,17,'Mollitia aliquid sunt blanditiis voluptatem et nisi debitis. Omnis pariatur voluptate ad animi. Et fugiat nihil voluptates ut provident optio. Molestias cupiditate officiis dolorem quo et sed.',62,0,1,'2010-12-19 08:04:27'),(11,18,21,'Aliquam doloribus ullam vitae. Provident et illum minima minus unde illum. Omnis cumque sint repudiandae nam. Quas porro magnam sequi illum omnis quisquam.',66,0,1,'2012-08-06 05:09:30'),(12,81,65,'Sed quo voluptatum non aut. Perspiciatis dolor assumenda tempora. Ab nihil ad necessitatibus minus. Praesentium fugiat quasi facere qui omnis quae facere officia.',46,0,1,'2014-12-18 09:07:58'),(13,40,45,'Enim dolores quisquam illo molestias ipsam quas a. Natus ut voluptatem modi consequuntur nihil excepturi. Nam aut mollitia corporis aut aut.',31,1,0,'2020-04-27 21:24:21'),(14,22,8,'Cupiditate non et molestiae cumque iusto eos molestias. Fugit ducimus consequatur velit molestias eos nesciunt. Voluptas voluptas dolor id.',15,0,0,'2013-04-25 08:08:12'),(15,46,62,'Illo sequi consequatur eos. Incidunt non ipsam consequatur nostrum recusandae dicta. Vel ratione animi rerum doloribus et qui. Excepturi omnis expedita asperiores commodi.',82,1,0,'2011-05-21 10:58:13'),(16,24,84,'At et velit ducimus. Est odit cumque eum culpa in provident minus repellat. Qui autem error et.',64,1,1,'2018-01-15 15:46:43'),(17,81,59,'Illum suscipit temporibus et nam perferendis in illum. Quisquam vel eaque sapiente itaque deleniti ex. Sed ratione in illum.',73,0,0,'2012-08-11 05:06:00'),(18,8,58,'Numquam esse est ea omnis a. Animi officia dolores autem non ut doloremque non. Dolore dignissimos aliquid praesentium perspiciatis enim iste cumque.',73,0,0,'2014-06-30 00:28:12'),(19,21,71,'Ipsa laboriosam sed vitae quasi. Labore veritatis ipsam deserunt. Et minus est sunt voluptatibus. Et voluptatem est dolor laboriosam et recusandae in.',48,0,1,'2014-05-19 17:13:21'),(20,79,1,'Non aut sed cupiditate dicta sit. Quam quia sed voluptatem beatae atque. Iure aut occaecati et voluptate. Maiores veritatis quis saepe sed quo optio quisquam.',17,0,1,'2014-01-15 00:51:39'),(21,88,74,'Est unde ducimus fugit et quasi. Illo sequi quos aut similique.',43,0,1,'2014-09-12 14:33:32'),(22,61,75,'Distinctio beatae optio doloremque sint impedit necessitatibus. Quo eos fuga fuga itaque ipsam voluptatum. Quis qui illo placeat tempore cum sunt dolores.',64,0,1,'2013-06-21 17:47:55'),(23,80,31,'Et et enim ut quia temporibus. Nam cupiditate fuga assumenda non. Officia rem aut quidem quasi dolor iste. Perferendis molestiae cum ut.',87,1,0,'2015-06-18 13:36:56'),(24,83,39,'Voluptatem blanditiis molestias sed iusto sed velit consequatur. Non sed laboriosam qui minima. Vero officia modi modi fugiat blanditiis.',46,1,1,'2018-10-15 09:24:33'),(25,85,69,'Et eum et qui possimus animi veniam cupiditate qui. Voluptatibus vel magni est et tempora et voluptas occaecati. Nemo itaque dolore totam est ducimus. Magnam earum sed nam animi et beatae. Atque provident autem voluptatem facilis occaecati.',69,0,0,'2015-05-22 20:16:20'),(26,24,50,'Aut ut veritatis quia eveniet. Qui rerum eveniet molestiae libero sapiente cumque non. Harum ut saepe tempora mollitia est velit voluptates. Accusantium vel illo explicabo beatae.',5,1,0,'2018-10-29 06:33:27'),(27,74,51,'Fuga nam et ut non suscipit. Aspernatur aliquid natus voluptas hic aspernatur ut quia. Pariatur dolorem at rerum doloremque ut. Dolorum facere repudiandae rem et deleniti laboriosam.',19,0,1,'2019-09-19 02:51:38'),(28,44,87,'Repellendus officia atque ipsa officia quo vel qui. Delectus unde similique ut. Similique non aut rerum quibusdam veritatis corrupti ipsum.',80,0,0,'2017-05-02 12:18:46'),(29,93,72,'Omnis beatae cum quae et ullam velit molestiae. Natus nostrum quae enim quam. Alias hic amet recusandae eos perspiciatis.',41,0,1,'2020-10-06 20:55:53'),(30,48,88,'Ad ea veniam distinctio atque eveniet consectetur consequatur. Sit vero facilis non doloremque. Vel dolorem aperiam aut sit molestiae. Molestiae dolorum corrupti architecto voluptates dolor et optio.',65,0,0,'2018-02-16 00:44:36'),(31,61,23,'Temporibus totam voluptatem consequatur modi praesentium et. Et ipsa eius consequuntur quo molestias iste modi. Ex eveniet vero rerum repellat inventore ipsam. Hic sit libero porro.',100,0,0,'2010-12-22 10:20:47'),(32,28,54,'Numquam voluptatibus hic voluptatum voluptatem consequuntur occaecati fugiat. Voluptatem culpa cum facilis autem et omnis. Neque est ea aut totam consequatur blanditiis. Quis veritatis quisquam iste id est qui laboriosam. Quia sapiente repellendus deleniti magni accusantium hic.',6,1,0,'2012-11-14 07:35:12'),(33,100,92,'Omnis enim eius enim odio. Laudantium molestias eos repellat alias fuga. Et ea id ut ut atque. Ab rerum velit ut voluptatem cupiditate ut saepe.',27,1,1,'2018-06-09 11:30:52'),(34,27,90,'Omnis eligendi in est facilis corrupti esse qui. Occaecati veritatis nihil rerum tempora aperiam aperiam est. Dolor libero itaque optio consequatur hic aut impedit nobis.',19,0,1,'2019-07-28 12:36:48'),(35,46,29,'Voluptatem ut aut aut quasi ipsum. Qui quos dolores reprehenderit quas ut. Enim quisquam molestias et quia quis id sed.',13,0,0,'2013-01-26 19:57:06'),(36,65,53,'Quo voluptatem commodi aut minima est labore. Minima qui numquam soluta enim a quis. Nihil nemo fugit aut aut error deserunt. Quos iste sunt sunt saepe unde dolorum harum nemo.',7,0,1,'2013-01-16 06:56:45'),(37,26,76,'Et deleniti debitis provident quod et distinctio. Cumque earum aspernatur voluptates harum beatae nostrum deserunt. Cumque ut aut rerum aut. Ducimus cum quos omnis dolorem quia eum. Tempora velit consequatur sed quae.',96,1,0,'2010-12-12 04:43:05'),(38,39,39,'Non nesciunt eveniet eligendi et provident incidunt sed. Illo est et et dolore qui minus. Et velit sit voluptatibus sit harum ut pariatur officia.',58,1,0,'2015-12-05 05:37:09'),(39,92,34,'Voluptatem ut enim recusandae iste laboriosam commodi voluptatem doloribus. Sit esse recusandae quam numquam adipisci blanditiis omnis. Nobis voluptatum iure saepe autem. In eaque aperiam sunt occaecati occaecati aut est.',100,0,1,'2017-10-09 05:36:21'),(40,11,21,'Dolore aut ut qui perferendis. Ut est voluptas sint quisquam vel error eaque. Quasi ex vel sint dolor id. Excepturi consectetur et harum eaque qui dolores.',25,0,0,'2020-06-05 01:51:45'),(41,57,74,'Voluptatem quod animi iusto perspiciatis qui. Commodi explicabo odit hic dolores. Consequatur voluptatibus magnam officia voluptates quam sint cumque.',27,1,0,'2020-05-06 19:06:25'),(42,41,93,'Quia quod harum qui consectetur in reprehenderit adipisci. Sunt nulla eum iste modi. Dolorum quasi possimus laboriosam assumenda iusto consequatur. Quisquam esse recusandae aliquid laudantium aliquam.',58,0,0,'2012-03-05 06:23:12'),(43,27,39,'Quia voluptatibus enim necessitatibus. Accusantium consectetur sed et autem ad quaerat omnis. Eligendi quasi suscipit at nisi velit.',10,0,0,'2016-09-17 00:49:41'),(44,29,64,'Quo voluptates ducimus doloribus eaque. Voluptas iusto possimus voluptas fugiat et voluptas. Voluptas porro rerum consequuntur non nesciunt inventore accusantium reiciendis.',74,1,1,'2012-06-15 09:19:50'),(45,77,18,'Dolor modi laborum commodi culpa nemo voluptatibus nam libero. Nisi eaque earum consequuntur consequatur voluptatem non error. Temporibus ut amet et quas.',40,1,1,'2020-07-04 09:47:54'),(46,36,26,'Deserunt inventore voluptatem est. Porro iste dolorem odio quaerat. Dolor voluptates iure vel repellendus incidunt placeat laborum.',80,1,1,'2015-03-23 11:59:54'),(47,99,56,'Asperiores accusantium numquam quaerat consequatur in soluta est. Ducimus illum autem vitae molestias doloribus. Quia voluptas sunt mollitia eos iste. Atque aperiam maxime rem saepe non quis sit laudantium.',76,1,0,'2018-02-15 22:58:35'),(48,68,75,'Qui quia explicabo rem nisi. Eligendi a sit et. Saepe ut itaque ea modi.',40,1,0,'2015-08-30 09:35:53'),(49,77,40,'Quasi quasi tenetur est perspiciatis neque et. Est eos sed molestias. Quia et quidem aut voluptatum porro asperiores. Veniam rem est quos quis sit.',70,0,1,'2015-03-10 08:58:54'),(50,33,13,'Ea sed eligendi repellendus ut repellendus nulla. Deleniti tenetur voluptatum et porro voluptatibus nulla. Deserunt consequatur quia quia fugiat. Fugit sapiente atque eos eius nulla occaecati ducimus.',31,1,0,'2015-03-18 08:47:26'),(51,41,42,'Voluptatem cum et numquam aut. Eveniet officiis ex dolor vitae consequatur et consequatur tempore. Laborum nostrum vel autem quibusdam qui rerum vel voluptas. Maxime nihil sed qui qui accusamus laborum.',43,1,1,'2011-03-04 03:48:59'),(52,38,75,'Eaque nesciunt nesciunt voluptates neque qui. Cumque corporis deserunt omnis dignissimos voluptatem ut libero. Est deserunt vel aliquam totam omnis voluptate non. Magni cumque est quis aut.',22,0,1,'2011-06-13 01:02:01'),(53,75,99,'Dolorem culpa molestiae dolores ipsum minus. Sit repellat perferendis odio facere qui. Voluptatem excepturi sequi ex praesentium.',83,1,0,'2019-09-24 08:49:35'),(54,5,47,'Quasi tempora veritatis sed beatae qui suscipit eaque. Non dolorem perspiciatis voluptas. Veritatis est soluta corporis et magnam sit. Accusantium tempore facilis et voluptates et.',46,1,0,'2017-09-24 01:48:33'),(55,16,65,'Dolores sint ipsum veritatis. Qui quia quam dolor dolore architecto nisi labore soluta. Sit eum dignissimos et labore esse eum. Veniam qui eveniet consequatur.',83,0,0,'2016-01-12 04:49:16'),(56,2,43,'Itaque et voluptatibus tenetur dolor nobis voluptatibus. Et reiciendis nam eum minima. Amet vitae itaque qui. Sapiente vitae dolorem saepe nam.',76,0,0,'2012-05-02 04:54:36'),(57,53,66,'Nostrum id dignissimos aut eos est enim eos doloremque. Odit ut vel sed repellat at numquam est. In praesentium illo velit voluptatem dolore et. Ab architecto numquam rerum quas debitis.',28,1,1,'2018-07-08 04:53:57'),(58,64,25,'Dolor et consectetur et quo et praesentium repudiandae. Et consequatur ullam beatae rem sint rerum.',15,1,1,'2015-12-02 18:09:12'),(59,9,61,'Accusamus et tempora maxime veniam. Voluptatum veniam ut et. Illo fuga quae magnam molestiae. Est quasi accusantium quidem quia. Alias ex in harum similique quaerat fuga id.',87,0,1,'2020-04-10 23:21:52'),(60,70,65,'Expedita mollitia consequatur impedit et. Ea qui in et quibusdam sit. Est omnis aut accusamus.',92,1,0,'2011-06-17 07:37:41'),(61,43,49,'Sed ratione est et et vel velit. Nam ullam nemo voluptatem possimus deleniti quod sequi quo. A eveniet voluptatem quo. Itaque rerum reiciendis sed ad iste tempora.',97,1,0,'2020-07-29 11:58:26'),(62,42,89,'Qui consequatur ut nihil quod odio est. Nulla laudantium laborum officiis repudiandae consequuntur exercitationem. Ab hic amet non cupiditate harum et. Autem omnis eaque optio laborum ut.',11,0,0,'2018-06-02 20:37:24'),(63,57,37,'Quia voluptate non enim perspiciatis iste. A cupiditate repellat quia quis tempora. Molestiae minima magnam velit ut perspiciatis. Eaque quia et corrupti.',62,1,0,'2010-12-29 20:03:26'),(64,63,56,'Sequi ea voluptatem est deleniti. Animi maiores quaerat aut pariatur.',76,0,1,'2011-09-03 19:43:55'),(65,69,71,'Qui consequuntur qui iste qui quae nulla fugiat. Sed aut modi qui ratione ut quibusdam ut. Ut aut nihil qui facere debitis repudiandae.',95,1,0,'2015-10-10 17:37:48'),(66,8,55,'Et voluptate impedit rerum minima. Voluptatem exercitationem doloremque velit quia. Minima dolorem ipsam esse et perferendis minus non in. Magni quaerat sed sit commodi qui quia.',46,1,0,'2016-12-02 03:05:16'),(67,83,55,'Vel autem ad autem omnis aut enim. Tempore excepturi deserunt consequuntur doloribus architecto. Quis quis et iusto officia delectus incidunt quia ab.',46,1,1,'2015-02-04 20:00:25'),(68,85,63,'Voluptatem cupiditate vel enim quidem suscipit amet eveniet. Alias nobis recusandae fugiat natus et eius optio. Voluptas minima modi aliquam. Qui sapiente possimus incidunt in.',91,0,1,'2019-04-22 23:38:46'),(69,44,97,'Ut quaerat nobis ex. Est omnis sed et voluptas. Dolor dolorem ullam alias assumenda ut.',18,1,1,'2019-01-02 14:15:46'),(70,3,86,'At ab dolor ea voluptatem qui maxime quas. Eius et ducimus ab eius. Sint nobis dolor est consectetur voluptas quo non odio.',15,0,0,'2018-11-15 12:57:31'),(71,93,5,'Aut excepturi ipsam libero doloribus quaerat. Alias voluptas assumenda odio accusantium nulla aut. Ipsam illum dolorem sint iure ad. Reprehenderit omnis mollitia sint provident voluptas. Voluptate vitae nihil atque laudantium.',22,0,1,'2012-09-12 10:03:15'),(72,54,62,'Corrupti eligendi incidunt est facilis voluptas quae fugiat. Quo dolorem vel nihil tempora voluptatem inventore. Quidem necessitatibus cum quo sit dolores sit nihil.',61,1,1,'2017-11-25 13:28:03'),(73,70,6,'Ut eveniet ipsa voluptatem rerum totam ea. Ea architecto doloremque qui doloremque assumenda ullam. Quibusdam omnis qui vel ducimus.',42,1,0,'2014-08-29 10:07:21'),(74,18,6,'Culpa quae doloribus animi enim id earum. Et odit consequuntur quae quos. Veritatis consequatur totam maiores.',27,0,1,'2016-09-20 05:20:32'),(75,72,23,'Voluptas eos ut mollitia dolore ut repellendus. Provident quo possimus aliquam sed quas dolorem. Qui repudiandae illo recusandae et eaque molestiae. At deleniti sed quo expedita et illo mollitia et.',5,0,0,'2019-10-16 21:55:07'),(76,64,62,'At qui soluta sunt minus et aut sunt. Ut vero facere ipsa ducimus et vel et. Dolorum quisquam ut assumenda. Recusandae eligendi ut itaque sit incidunt nulla ut aut. Numquam rerum accusantium voluptatem nihil.',46,0,1,'2011-03-02 08:41:39'),(77,29,25,'Eum quaerat quos enim error voluptatum ipsa. Corrupti hic animi suscipit et ut libero vel repudiandae. Ex nam laborum rerum omnis placeat labore.',13,0,1,'2019-04-14 02:32:12'),(78,37,5,'Consectetur expedita quos qui. Iste ex quos molestias ipsum. Recusandae modi eveniet explicabo deleniti.',29,1,0,'2019-02-18 02:20:44'),(79,91,43,'Ipsam qui ducimus in dolores et aut. Sit repellendus et ut sed. Nesciunt libero voluptas mollitia consequatur impedit tempore expedita. Et recusandae molestias aut totam delectus.',3,0,0,'2020-04-18 15:12:56'),(80,6,16,'Aliquid et minus molestiae hic laudantium sint. Est dolorem sit beatae delectus. Impedit cumque atque odio ut dolores. Nam quam aspernatur autem quis nostrum atque ex.',28,1,0,'2012-12-17 23:09:35'),(81,51,11,'Fugit ut iusto consequatur cumque atque inventore sit. Id illo perferendis earum quis voluptas omnis. Ad ipsam et rerum libero neque.',31,1,0,'2013-10-21 12:57:06'),(82,13,93,'Totam est voluptas doloribus quia. Corporis deleniti error possimus nisi quia quod pariatur voluptatem. Ex qui at dolorem eos et laboriosam.',70,0,0,'2015-10-12 14:28:02'),(83,32,96,'Impedit esse aspernatur praesentium saepe. Veniam est omnis doloribus similique corporis quis ut. Enim cum vel iste tenetur quas nam.',57,0,0,'2018-06-30 05:30:34'),(84,43,33,'Mollitia optio cumque id ullam maxime voluptatem et. Quia odit aliquid explicabo ipsam. Iste voluptatibus pariatur necessitatibus quia unde sequi.',74,0,0,'2016-10-04 10:28:51'),(85,91,34,'Et sint saepe placeat ducimus. Sit quia magnam ut.',100,1,1,'2019-07-23 19:33:40'),(86,58,24,'In accusantium error ut dolores. Dolor aut doloribus voluptatibus. Non perferendis qui magnam voluptatem recusandae in. Placeat iure quis eum fuga ea.',75,1,0,'2016-02-20 22:51:09'),(87,28,88,'Consequatur numquam asperiores ex saepe voluptas modi quos modi. Alias molestiae et quia voluptates delectus magnam. Earum dolorem voluptates quis temporibus eius qui ut. Fugiat repellendus consectetur harum.',77,0,1,'2017-05-31 20:08:50'),(88,19,95,'Delectus ab similique autem eius. Dolores quas magni iure quos dolorem quis blanditiis repudiandae. Distinctio laboriosam atque ut quam ut. Aut eius veritatis eum.',59,0,1,'2014-05-10 08:01:41'),(89,73,77,'Accusantium occaecati pariatur sapiente. Animi corporis necessitatibus iste dolores tenetur et. Ullam aut natus odit cupiditate. Quia ad quis ab ea fugit quos.',64,0,0,'2018-06-03 18:57:00'),(90,81,49,'Molestiae et minima aut quae a voluptates rerum. Culpa dolor exercitationem voluptatem officia.',43,1,1,'2016-07-10 15:37:10'),(91,57,28,'Consequatur alias repudiandae accusamus earum. Rem at molestiae nesciunt ut ipsum vel et. Et occaecati et accusantium aut.',23,1,0,'2016-05-12 03:48:33'),(92,88,95,'Perspiciatis aliquid consequatur quis omnis fugit dolor. Quod corporis debitis est dolorem autem reprehenderit debitis. Numquam fugit ducimus modi quam. Assumenda ipsam dolorem ut rerum earum.',83,1,0,'2012-04-16 08:01:13'),(93,80,28,'Laudantium voluptatem odit vel culpa ea amet quo. Harum est ex autem officia est magni. Voluptas in nam harum vero id.',46,1,1,'2017-10-02 00:08:37'),(94,8,84,'Quod et voluptas eos dignissimos. Sit repellat debitis labore facere. Natus in quam iure laudantium explicabo voluptas eveniet. Est nobis facilis ut veniam.',80,1,1,'2013-12-17 07:24:44'),(95,97,69,'Illo eaque est fugiat quo nulla eius quisquam. Eos molestias corrupti facere ea molestias nulla. Qui similique minus vero est.',64,0,1,'2016-08-30 12:36:18'),(96,84,46,'Totam et sit illo autem nostrum eum eos voluptas. Delectus autem qui ipsum hic sit quis. Odit nemo harum ipsum similique distinctio voluptatem numquam. Ullam harum laborum et ut et dolores possimus.',77,1,1,'2014-08-28 19:46:46'),(97,93,96,'Nesciunt veritatis unde et voluptatem praesentium aut et. Consequatur quis quisquam aliquid expedita. Velit repellat id aut praesentium consequatur ad. Voluptas voluptatem omnis voluptatibus laudantium.',93,0,0,'2014-10-20 03:35:42'),(98,47,29,'In iure explicabo vel iure voluptatem quae quia explicabo. Iure sed aperiam optio non est.',36,1,0,'2018-09-26 02:08:28'),(99,89,8,'Necessitatibus ullam adipisci voluptatem numquam eaque expedita. Vitae quidem sit ut porro. Sed est ad aliquam.',98,1,1,'2020-04-08 15:58:07'),(100,28,77,'Nobis qui iure libero non. Et odit iste minima voluptates veritatis omnis. Consequatur officia temporibus qui veniam architecto. Vero non enim velit eos dolor delectus ut.',82,0,1,'2016-08-29 08:15:32');
/*!40000 ALTER TABLE `messages` ENABLE KEYS */;
UNLOCK TABLES;

--
-- Table structure for table `posts`
--

DROP TABLE IF EXISTS `posts`;
/*!40101 SET @saved_cs_client     = @@character_set_client */;
/*!50503 SET character_set_client = utf8mb4 */;
CREATE TABLE `posts` (
  `id` int unsigned NOT NULL AUTO_INCREMENT,
  `user_id` int unsigned NOT NULL,
  `community_id` int unsigned DEFAULT NULL,
  `head` varchar(255) CHARACTER SET utf8 COLLATE utf8_unicode_ci DEFAULT NULL,
  `body` text CHARACTER SET utf8 COLLATE utf8_unicode_ci NOT NULL,
  `media_id` int unsigned DEFAULT NULL,
  `is_public` tinyint(1) DEFAULT '1',
  `is_archived` tinyint(1) DEFAULT '0',
  `created_at` datetime DEFAULT CURRENT_TIMESTAMP,
  `updated_at` datetime DEFAULT CURRENT_TIMESTAMP ON UPDATE CURRENT_TIMESTAMP,
  PRIMARY KEY (`id`),
  KEY `posts_user_id_fk` (`user_id`),
  KEY `posts_community_id_fk` (`community_id`),
  CONSTRAINT `posts_community_id_fk` FOREIGN KEY (`community_id`) REFERENCES `communities` (`id`) ON DELETE CASCADE ON UPDATE CASCADE,
  CONSTRAINT `posts_user_id_fk` FOREIGN KEY (`user_id`) REFERENCES `users` (`id`) ON DELETE CASCADE ON UPDATE CASCADE
) ENGINE=InnoDB AUTO_INCREMENT=101 DEFAULT CHARSET=utf8 COLLATE=utf8_unicode_ci;
/*!40101 SET character_set_client = @saved_cs_client */;

--
-- Dumping data for table `posts`
--

LOCK TABLES `posts` WRITE;
/*!40000 ALTER TABLE `posts` DISABLE KEYS */;
INSERT INTO `posts` VALUES (1,72,20,'quia','Aliquid eaque praesentium praesentium sit doloribus modi et. Magnam repudiandae earum itaque qui sunt fugit aspernatur. Commodi aliquid quis voluptatem aut suscipit quia. Velit amet praesentium et quisquam.',83,1,0,'2011-07-03 19:05:36','2015-09-05 22:13:16'),(2,78,3,'voluptate','Ea et est qui et voluptatem. Est in aperiam unde sit sed. Inventore molestiae voluptatem quo aut blanditiis odit. Mollitia et minima sed dolores at quia enim ipsa. Quam commodi aut sed molestiae laudantium et ut.',42,1,1,'2018-11-13 20:54:47','2012-10-30 23:05:32'),(3,12,15,'quia','Quia harum mollitia adipisci aut in quasi. Reprehenderit quis accusantium occaecati.',17,1,1,'2017-09-11 05:37:22','2016-01-24 21:28:28'),(4,71,9,'aperiam','Non sit occaecati laboriosam veniam aut cum ab. Assumenda voluptas ipsa iure fugit. Quasi sed adipisci amet ut. Vel facilis consequuntur officiis explicabo in consequatur.',32,0,0,'2011-10-03 03:54:41','2017-09-10 21:05:53'),(5,71,10,'unde','Maxime explicabo rerum enim dignissimos nostrum mollitia sed nihil. Eveniet ut non doloribus earum deleniti quae. Veritatis sapiente itaque sed ipsam est pariatur neque. A doloremque qui sed laborum in sint quaerat.',2,1,0,'2020-01-18 08:25:50','2011-09-05 01:09:37'),(6,91,17,'quo','Aut nobis molestias in modi ipsa facere deserunt voluptatem. Quis natus quia harum eum. Delectus sed delectus minima fugiat. A sint sed suscipit eveniet consectetur maiores.',2,0,1,'2014-02-27 01:27:21','2011-09-07 17:10:50'),(7,100,8,'fugit','Esse quos laudantium ut est fugit. Placeat rerum saepe nobis occaecati delectus iste corporis. Odio praesentium laboriosam architecto esse.',72,1,1,'2015-09-10 18:53:09','2016-06-11 12:14:14'),(8,66,11,'quo','Consequuntur blanditiis aut quia itaque. Dolorem veritatis ut est incidunt quia quis. Impedit odit quasi suscipit itaque quo rerum.',9,1,0,'2020-01-02 22:36:32','2018-07-06 03:40:49'),(9,25,8,'ipsam','Consequatur aspernatur et qui et est consequuntur ratione. Vitae dolorem nulla blanditiis ut. Consequatur temporibus aspernatur odio ex. Odit in quasi quibusdam libero delectus dolorem. Quia earum ratione reiciendis ut.',26,1,1,'2013-03-26 23:41:32','2019-10-12 07:31:34'),(10,63,4,'sed','Nobis occaecati iste in pariatur consequatur quia et. Voluptatem dolor rem harum commodi ex eius. Optio commodi est ullam nobis cupiditate. Vel qui asperiores et magni. Dicta debitis atque qui.',66,0,0,'2014-09-04 16:39:36','2011-07-24 03:37:28'),(11,98,7,'quibusdam','Reprehenderit quos iste numquam dolorem nemo et rerum. Tempore voluptas eum molestiae non est voluptas. Eius at in consequatur quidem.',6,1,1,'2011-06-25 21:18:57','2019-02-06 04:39:24'),(12,43,2,'sequi','Ratione ut nihil necessitatibus labore hic. Dignissimos rerum optio eum autem consequatur est. Rerum voluptatem voluptas eos excepturi fuga neque provident. Facere omnis sit consequatur ipsa qui laborum delectus ducimus.',32,0,1,'2018-12-18 02:35:11','2016-02-07 04:50:12'),(13,69,15,'et','Ut quibusdam possimus suscipit officiis. Perferendis saepe quo animi excepturi rerum et enim odio. Et nihil necessitatibus aliquam in.',51,1,1,'2012-12-26 11:30:04','2019-11-25 08:18:21'),(14,43,18,'est','Est non sequi sit sed nesciunt magnam unde molestiae. Reprehenderit possimus nihil nulla qui. Deserunt rerum rem fugit est.',100,0,0,'2015-07-08 10:07:52','2017-02-24 16:27:03'),(15,86,15,'et','Reiciendis harum voluptatem dolorem voluptatem consequatur natus. Dolorem eveniet labore eaque non et odit et. Rerum asperiores labore voluptas iure. Quam voluptas delectus iusto autem.',67,0,1,'2011-09-28 03:25:13','2014-04-11 04:15:04'),(16,51,7,'est','Distinctio et tempora et perspiciatis id aut voluptatibus et. Et iusto voluptatem consequuntur facilis adipisci. Nulla occaecati quo et beatae libero velit. Qui illum modi omnis sunt natus. Id consectetur facilis rerum autem distinctio dolorem eligendi.',7,1,0,'2010-11-30 13:09:33','2011-08-11 07:52:11'),(17,43,6,'similique','Est et assumenda accusamus impedit voluptas. Et quia eveniet numquam rerum sunt velit. Esse odio sint repellendus ut et deleniti ex.',86,1,0,'2017-01-03 10:46:35','2011-12-30 23:44:35'),(18,60,15,'illum','Quis nostrum quasi suscipit possimus praesentium. Sequi non necessitatibus est omnis ipsa. Rerum totam aliquid velit quas. Eius et ut velit nobis quia possimus.',100,0,0,'2019-09-08 09:40:25','2018-10-10 02:47:53'),(19,57,4,'repellat','Non ipsam neque explicabo cumque. Assumenda voluptatem doloribus quisquam repudiandae modi. Veniam voluptatem est atque omnis doloribus.',60,1,1,'2017-02-20 19:09:59','2013-06-11 14:39:11'),(20,41,18,'sunt','Delectus maiores sint et id. Ut quasi ex impedit consequatur.',54,1,1,'2016-02-14 21:58:31','2017-04-24 03:04:23'),(21,85,4,'quisquam','Ea aspernatur vitae sed perspiciatis et illo mollitia. Possimus fuga quis in accusamus tenetur. Ut non saepe dolorem ratione quaerat numquam. Laudantium reprehenderit voluptatem autem non.',57,1,0,'2013-11-02 11:35:12','2016-05-06 17:45:38'),(22,14,1,'doloremque','Atque est nihil delectus nisi. Beatae possimus quia sunt ex voluptatem sed et sequi.',92,1,1,'2017-03-16 06:34:19','2014-08-21 17:51:27'),(23,96,20,'natus','Suscipit eligendi qui repellat et quo deleniti iste. Natus et quia ex et voluptate est et ut. Rem eum consequuntur nam atque quia cumque error.',21,0,1,'2020-06-11 05:14:41','2012-01-18 12:05:13'),(24,23,1,'modi','Non quibusdam et eaque repellendus qui eveniet. Dolores rerum enim veritatis. Quo doloribus eum quam reiciendis nostrum.',91,0,0,'2015-06-24 06:18:19','2016-08-19 07:27:58'),(25,55,9,'magnam','Qui sunt non iusto quos sed. Quis omnis et quo voluptate ipsam repudiandae nihil.',89,1,1,'2012-11-02 15:30:57','2019-04-01 02:10:02'),(26,46,18,'recusandae','Sunt sapiente et voluptate eveniet. Nesciunt possimus ad consequuntur.',73,0,1,'2018-10-02 01:42:37','2018-06-19 05:58:15'),(27,69,14,'voluptate','Consequuntur voluptate commodi neque. Reiciendis at labore adipisci voluptates. Nam tenetur commodi aliquam qui non repellendus adipisci.',16,1,1,'2018-02-15 07:29:11','2011-02-10 05:24:45'),(28,70,15,'et','Aut blanditiis harum aut ratione non praesentium. Dolor eos ut aspernatur. Quia velit quasi natus.',52,1,1,'2017-01-27 00:13:47','2018-12-25 19:50:15'),(29,79,15,'repellat','Repudiandae doloribus natus dolorem recusandae quibusdam voluptas quisquam. Non aliquam corrupti vitae enim. Vitae in esse corporis qui.',64,1,0,'2017-09-14 01:44:45','2016-10-14 00:17:15'),(30,3,5,'aut','Modi et deserunt sint iste. Est voluptatem est rerum ad consequatur.',54,0,0,'2020-07-28 08:50:02','2020-09-04 19:55:00'),(31,73,3,'non','Reprehenderit similique sit rem deserunt. Minima consequuntur accusamus hic vel. Illum dolor qui beatae neque sunt rem. Quo atque natus rerum quo impedit.',19,0,0,'2012-01-18 07:40:21','2017-07-08 19:48:30'),(32,32,5,'asperiores','Omnis adipisci animi vel est dolor. Nam aliquid at et dolorum ad repudiandae. Consectetur et maxime maiores sapiente reprehenderit.',73,1,1,'2011-11-09 01:06:05','2014-12-13 17:24:56'),(33,51,20,'reiciendis','Cum ab est impedit. Debitis et consectetur consequatur odio animi commodi aut. Et voluptatem earum in.',49,0,0,'2020-08-20 17:38:20','2013-01-24 07:13:12'),(34,19,19,'nostrum','Ipsum doloremque sit placeat quia perspiciatis pariatur fuga vero. Assumenda laboriosam qui quia eligendi delectus ipsum. In laborum et aut iusto voluptatum voluptatum dolores. Dignissimos aliquam qui natus qui autem labore.',32,0,1,'2014-12-26 05:40:03','2012-06-08 15:00:51'),(35,31,3,'ut','Incidunt maxime eos debitis quasi aut. Veritatis sit harum nam sunt natus autem.',58,0,0,'2013-08-25 04:08:35','2017-05-31 20:28:59'),(36,89,14,'nihil','Aliquam ipsa dolorem fugit qui. Eveniet quis placeat cumque numquam ut. Excepturi perferendis quis ut modi rem. Ipsum iusto suscipit dicta nemo. Fugit est cum id necessitatibus.',20,1,1,'2020-05-11 13:18:38','2018-05-28 06:52:25'),(37,15,14,'aut','Impedit cum sit in quasi et officia aliquam. Quos sit ut dolorem aliquam sit iste est voluptates. Tempora alias excepturi similique vel architecto asperiores ut repellendus.',55,1,0,'2020-04-14 15:14:15','2011-08-24 12:19:50'),(38,39,7,'neque','Ullam aliquid recusandae excepturi. Et optio doloribus ipsum quis. Nihil qui totam quas aut odit neque.',53,1,0,'2014-09-17 04:03:05','2017-10-21 19:42:11'),(39,16,6,'inventore','Et laboriosam rerum tempore voluptatibus. Modi aliquid hic est temporibus. Sit id eum voluptas quam.',4,1,0,'2015-08-30 07:13:14','2013-06-18 00:23:30'),(40,1,18,'nobis','Quas in excepturi quas facere autem. Aspernatur exercitationem dolore natus possimus sed fuga sunt. Unde nobis et perferendis consequuntur ut ut.',63,0,0,'2012-04-14 19:26:39','2019-02-18 06:41:56'),(41,63,10,'ut','Voluptatem consequatur nihil suscipit minus qui neque. Rerum consequuntur enim et voluptatem. Alias dolores numquam quas eligendi. Aut et excepturi sequi enim dolorem ipsa omnis.',88,1,0,'2015-12-11 23:54:25','2018-04-10 21:35:11'),(42,42,8,'tempore','Qui temporibus fugiat nihil qui autem consequuntur. Amet ut rem minus ut. Minus consequatur et velit officiis.',23,0,1,'2020-10-14 17:46:49','2013-07-03 08:58:42'),(43,55,4,'quia','Atque quia vel sunt distinctio iure. Quos corrupti ut blanditiis repellat quis voluptas odio. Modi eos aut quod velit a repudiandae. Qui voluptas non ipsam qui.',50,1,1,'2017-12-09 06:43:04','2017-12-31 01:00:50'),(44,33,7,'ipsa','Aliquid totam adipisci incidunt ad suscipit. Voluptatem dolores maiores consectetur et. Est quis aut eaque non facilis tenetur explicabo. Ex optio quo officia.',26,1,0,'2014-04-18 02:31:30','2019-04-09 08:10:36'),(45,92,11,'ea','Ab facere ea harum ad officia. Ut quia quam repudiandae iste. Quia corporis ducimus et non sit veritatis.',69,0,1,'2013-12-14 12:02:07','2019-10-14 05:11:23'),(46,91,2,'ut','Repellendus aspernatur voluptatem tenetur autem atque et. Amet quia earum dignissimos aut eveniet. Ratione velit voluptas sunt non cum voluptatem. Explicabo commodi voluptas voluptatum illum et alias.',44,1,1,'2014-04-24 00:22:15','2015-04-14 12:54:59'),(47,47,2,'rerum','Modi qui eum facilis vitae. Autem explicabo dolorem consequuntur dolorem enim ex. Quae sit consequuntur velit enim qui veniam sunt culpa. Ut tenetur inventore ab exercitationem.',71,0,1,'2016-06-03 03:10:53','2014-10-21 08:48:03'),(48,25,15,'magnam','Aliquam aut vel quisquam ea. Ullam soluta accusamus vitae est. Aspernatur sunt laborum aut qui qui. Est neque exercitationem vitae quis suscipit odio.',98,1,1,'2019-05-16 06:12:30','2013-01-02 21:46:22'),(49,78,14,'quia','Soluta totam magnam et est porro asperiores. Mollitia quis ducimus expedita sed dolorum aliquam at. Facilis eius nihil est iure suscipit.',33,1,0,'2011-09-06 06:04:17','2013-01-26 12:04:28'),(50,16,7,'quis','Molestiae dolores voluptas cupiditate voluptatum. Explicabo in magnam et dolorum molestiae consequatur eos. Dolorum voluptatem debitis esse possimus veritatis. Cum dolores culpa magnam quos omnis autem.',64,0,1,'2014-04-16 02:27:50','2019-02-03 13:04:01'),(51,29,15,'molestiae','Voluptas porro amet numquam consequatur cumque maiores. Error non omnis voluptatem rerum. Recusandae inventore fuga odio quos. Culpa beatae eum iusto velit inventore.',28,1,1,'2011-11-05 22:32:00','2012-08-29 03:05:03'),(52,23,17,'et','Quis harum magnam autem. Voluptatem maiores et nesciunt. Impedit occaecati nostrum occaecati fugiat molestiae. Id quia libero enim nemo enim dicta.',44,0,1,'2015-10-20 10:21:50','2014-12-20 04:29:31'),(53,64,6,'non','Rem minima nihil quam aut porro qui. Id aut itaque ut nihil. Nulla repellat sed fuga rerum voluptate libero. Omnis similique illo aut qui velit reprehenderit dolores.',53,0,0,'2018-07-14 21:21:55','2013-09-17 11:51:03'),(54,57,7,'et','Dolor voluptatibus dicta est ut. Veritatis sequi ullam eius vitae accusamus dolor voluptatibus. Sed nihil quas voluptate accusamus.',73,0,0,'2019-02-19 21:17:28','2011-07-08 14:12:16'),(55,22,14,'doloribus','Vero quas sed doloremque quia maiores aliquam quia explicabo. Impedit totam libero quis enim et quia molestiae. Modi aut dolorem qui soluta assumenda amet. Voluptatum quasi deserunt a explicabo voluptatem eum.',42,1,1,'2014-03-21 20:07:13','2013-04-24 19:02:41'),(56,7,8,'eum','Est commodi necessitatibus vel ut ut aliquam. Ducimus non quos inventore ut. Officiis et et harum maxime. Qui distinctio facere iure ab fugit quia.',20,1,1,'2019-01-27 08:27:05','2017-05-28 17:59:11'),(57,60,19,'in','A sapiente ex omnis repudiandae molestiae unde eaque et. Qui temporibus est porro sit explicabo quo ut sit.',79,0,0,'2020-09-07 06:02:36','2013-03-03 22:20:38'),(58,31,8,'ut','Ipsum enim voluptates perspiciatis. Reiciendis voluptatibus et aut qui. Facere nisi officia doloribus nihil quos. Officia libero consectetur magni voluptatem reiciendis et est.',54,0,0,'2015-04-28 05:18:27','2018-12-28 23:59:38'),(59,83,14,'sed','Quod explicabo qui magnam tenetur veritatis. Qui est et unde iste corrupti repellendus. Autem qui sequi laudantium facilis.',100,0,0,'2018-07-16 18:16:54','2017-04-06 05:43:24'),(60,46,20,'et','Tempore eius dolorum et architecto. Mollitia nihil magnam et vero ea. Magnam nihil voluptatem enim corrupti suscipit enim. Nemo adipisci nostrum cumque voluptatem voluptatum rem velit dolorem.',49,1,0,'2020-07-02 05:22:01','2020-04-26 12:45:27'),(61,29,10,'unde','Eveniet velit ea dolores rerum voluptatibus voluptatem. Iste et aut optio.',17,0,0,'2014-11-06 08:07:32','2012-05-05 23:40:16'),(62,93,10,'accusamus','Nobis nihil voluptas autem dignissimos nulla saepe quaerat voluptate. Sint aut sequi id. Cupiditate nemo mollitia doloremque recusandae et omnis cupiditate. Deserunt debitis amet nostrum occaecati voluptatem nihil.',1,0,1,'2020-07-06 08:35:26','2012-09-13 22:52:37'),(63,79,2,'quidem','Dolor at voluptas explicabo ullam dolores optio culpa omnis. Doloribus doloribus enim commodi consequatur porro voluptatibus repellat. Voluptas eligendi reprehenderit dolorem et sapiente animi temporibus. Id nemo aut odio aliquid ipsum similique sit.',24,0,1,'2018-10-25 08:59:28','2017-08-09 14:17:04'),(64,23,8,'ut','Repudiandae in consequatur voluptatem saepe laudantium. Ut excepturi ipsa aut porro sit omnis qui. Est veniam velit error doloribus earum assumenda doloremque. Autem enim eum doloremque aliquid ullam quae quia.',8,1,1,'2016-05-25 09:48:21','2012-01-02 04:19:02'),(65,91,16,'quia','Placeat dolor nihil est ea praesentium vel eius voluptatum. Sed sapiente nemo sint qui eum doloremque iusto molestias. Repellat possimus rem ea ut error.',75,0,1,'2015-06-10 00:32:01','2014-04-09 17:07:33'),(66,40,19,'et','Illo velit error ipsam sit qui. Praesentium nulla consequatur consequuntur amet sunt a.',43,0,1,'2011-07-04 21:00:32','2015-01-22 06:32:55'),(67,71,18,'eaque','Laborum sequi ut alias dolore. Ea qui quis expedita. Id laudantium sunt quo quia.',87,0,1,'2015-05-02 23:53:59','2011-08-10 20:40:10'),(68,74,14,'et','Est odio ad corrupti consequuntur ratione et aspernatur doloribus. Non odio ut dignissimos facere. Sit sit accusamus voluptas quo eos. Quisquam inventore illo autem ut quis sunt adipisci.',36,1,1,'2014-03-06 08:45:48','2013-11-15 01:30:09'),(69,93,11,'sequi','Modi tenetur nihil cupiditate omnis rerum. Aliquid omnis molestias sunt dolor rerum qui et. Nesciunt et omnis sed odit reprehenderit nihil.',9,1,0,'2020-01-04 21:52:15','2013-02-02 19:04:33'),(70,98,12,'provident','Reiciendis aut id quis qui illo. Voluptas est culpa nostrum. Dolor facere eligendi ad autem porro. Nobis labore et sit aut assumenda.',12,0,0,'2014-01-28 04:49:58','2014-02-09 17:52:37'),(71,98,8,'assumenda','Dolorum hic perferendis cumque labore expedita molestias. Aut quibusdam sit eum aspernatur quia fugiat ex. Est qui labore nihil illo. Aut neque culpa incidunt architecto sed repudiandae. Consectetur eum mollitia quisquam unde.',36,1,0,'2018-07-25 04:52:29','2018-07-29 04:13:06'),(72,11,3,'voluptatem','Incidunt rerum reprehenderit cupiditate recusandae voluptatem eaque sint. Modi explicabo consequatur sint voluptate dicta accusamus. Aspernatur rem et qui doloremque recusandae corrupti dolorem. Ab excepturi est necessitatibus dolor.',41,1,1,'2018-06-26 15:10:48','2019-08-08 20:06:10'),(73,29,11,'rem','Quis voluptatem in vel ad et. Omnis dignissimos laborum minima consequatur aut. Totam est consequatur est non explicabo.',100,0,0,'2016-09-02 04:33:46','2018-03-23 13:29:15'),(74,71,14,'dolorum','Dolor cupiditate quam dolor quo qui et id porro. Occaecati quidem consequuntur eos odio. Sint doloribus odit et rerum labore consectetur qui. Voluptatem sint voluptas et et.',38,0,1,'2017-04-04 22:10:06','2014-12-31 04:23:56'),(75,80,6,'nobis','Magnam voluptas vel aut nihil. Aspernatur architecto perferendis ea sed maxime sed. Qui qui esse et et.',19,0,1,'2011-05-25 18:02:11','2020-11-01 16:18:41'),(76,23,7,'dolor','Velit magnam ratione iste temporibus temporibus cupiditate. Enim ut aut ipsam. Dolor repellat enim fugiat laborum qui minima voluptatem.',75,0,1,'2014-07-03 06:03:27','2016-08-29 21:14:23'),(77,68,7,'non','Ut ratione iste atque esse praesentium repudiandae asperiores. Perferendis inventore blanditiis ut. Tempore ea quaerat aut voluptatem.',76,0,0,'2016-01-29 01:08:13','2013-11-04 01:20:00'),(78,94,10,'vel','Repellendus qui voluptatum odio velit velit est earum et. Dolor magnam nisi dolor et et. Eum officia alias odio vel iure molestias. Qui quo ipsam odit veniam veniam ut quia.',57,0,1,'2020-08-10 13:21:56','2019-10-18 13:33:14'),(79,46,7,'in','Culpa adipisci eligendi nulla consectetur. Voluptatem aliquid sit maiores et qui qui architecto amet. Est vitae occaecati quia quae magni dolor.',25,0,0,'2014-10-03 17:42:13','2013-07-11 05:04:51'),(80,24,14,'voluptas','Odit ut asperiores et. Eos ratione corrupti alias eveniet maiores. Dolore et sit cupiditate ut ab.',48,1,1,'2016-12-28 18:33:47','2016-07-23 14:15:56'),(81,80,6,'esse','Praesentium culpa consequuntur magnam et. Atque atque sapiente voluptas autem enim. Facilis ut perspiciatis placeat animi delectus.',46,0,0,'2019-12-27 14:49:23','2017-04-20 05:57:01'),(82,19,9,'ipsam','Dignissimos sit molestias impedit nihil occaecati. Dolorum necessitatibus deleniti molestiae placeat et. Numquam omnis voluptatem quod aut sed. Nam voluptas id delectus necessitatibus et nostrum ut.',26,1,1,'2016-06-27 09:42:37','2018-08-03 11:56:39'),(83,51,13,'et','Harum itaque error aut fuga placeat. Impedit alias eos iste qui culpa nobis omnis. Nemo ab libero molestias doloribus ut delectus explicabo.',69,1,1,'2020-02-14 15:35:21','2020-11-24 11:54:13'),(84,100,19,'perspiciatis','Modi et molestiae quia. Ut labore architecto ipsam dolor placeat. Et minus consequuntur eaque libero ut.',18,1,0,'2013-07-23 18:58:05','2014-10-15 16:06:28'),(85,60,3,'illum','Quos nam dolores dolor. Aut et fuga quaerat. Et est nam iusto sint sit.',72,0,1,'2019-02-18 18:26:20','2014-10-03 06:46:17'),(86,70,6,'quos','Unde accusantium facilis aut suscipit. Placeat iure aperiam voluptate non. Eos pariatur dolorem minus qui illum. Reprehenderit sed maiores quam aut in sed ut. Consectetur excepturi porro non officia sed minima.',74,0,0,'2020-10-11 05:29:39','2018-03-18 21:10:36'),(87,17,16,'incidunt','Libero nulla maxime laborum quis. Nobis voluptatem aut consequatur deserunt consequatur aut magni. Ut ut et consequatur asperiores ducimus.',61,1,1,'2012-08-10 23:33:36','2016-11-10 18:02:31'),(88,19,14,'voluptatem','Est non officia magni culpa quam fugit distinctio. Id est quasi dolore ea est sunt animi. Maiores nam qui vitae consequatur. Praesentium fuga ipsa architecto praesentium.',5,0,0,'2020-01-19 05:14:38','2020-05-29 22:33:17'),(89,20,6,'similique','Est aut qui dolores et nemo. Minus eos aut nesciunt occaecati aut harum consectetur at. Rem qui ea sit deleniti itaque. Voluptatem molestiae aliquid occaecati corporis nemo voluptatem odio et.',21,0,0,'2015-08-20 00:23:30','2011-04-25 06:27:30'),(90,12,15,'excepturi','Eum qui quisquam dolor sint pariatur. Ut amet voluptatibus necessitatibus id dolor. Quos at est ut quaerat error occaecati qui. Est et soluta aperiam dolore ut harum voluptatem hic. Deserunt temporibus expedita repellendus ipsam ut.',54,0,0,'2013-09-02 05:05:56','2016-01-18 03:37:43'),(91,43,9,'sint','Nam accusamus consequatur assumenda nam dolorum optio. Provident enim eum ipsum quo eveniet excepturi aliquid. Quo aut debitis voluptatibus eligendi nihil inventore. Eos magni et odit dolorem nesciunt alias.',38,0,0,'2015-01-15 21:36:37','2019-12-05 05:29:04'),(92,90,10,'est','Ad voluptatem voluptatibus velit. Doloribus quaerat magnam molestias. Id consequatur dicta reprehenderit.',26,0,1,'2012-03-21 04:51:29','2016-05-12 08:02:43'),(93,14,8,'possimus','Blanditiis laboriosam sit voluptas voluptatem maiores. Et consequatur est enim dicta unde. Repellat rerum harum sapiente earum necessitatibus dicta est. Sunt et aliquam et iste tenetur.',42,1,1,'2019-01-04 15:06:08','2010-12-28 22:50:40'),(94,51,19,'sint','Aut officia et eos reprehenderit quia. Tenetur voluptatem dolorem voluptatem. Eveniet repudiandae dolorem qui sit. Tempore eligendi totam deserunt molestiae rerum modi.',10,0,1,'2017-10-31 09:47:07','2011-04-11 06:16:05'),(95,35,11,'et','Sapiente earum et cum voluptatem. Aut odio eveniet sequi quia enim enim. Fugit minus fugit perferendis veniam recusandae itaque adipisci. Assumenda nihil in dolores itaque culpa.',87,0,1,'2011-09-15 08:22:58','2012-09-21 01:53:25'),(96,8,11,'quibusdam','Similique repellat dolores et ut repellendus. Maxime est aut voluptatem ut voluptatem omnis. Voluptatem ea ducimus doloribus reiciendis ea. Consequuntur ut sit quo necessitatibus id dolor sunt necessitatibus. Nesciunt eum modi vero sunt consectetur.',5,0,1,'2019-01-27 11:25:32','2014-02-28 14:48:04'),(97,60,5,'est','Vel vel accusantium vel iste laborum. Nesciunt sequi maiores repellendus temporibus velit aspernatur. Iusto pariatur eaque commodi praesentium nesciunt. Maiores a praesentium repudiandae perspiciatis tempore magnam.',6,0,1,'2015-10-02 18:00:51','2019-04-11 22:39:51'),(98,71,4,'aut','Harum impedit dolorem officiis dolore atque in. Qui magni sunt neque. A ea ut eius et. Et nemo eaque sapiente natus ea vel.',1,1,1,'2019-08-05 02:04:05','2017-02-07 15:47:44'),(99,62,14,'culpa','Fugit aut accusamus laborum quis. Reiciendis explicabo sit eum iusto hic. Nemo occaecati nemo nam nostrum debitis dolorum tempore. Iusto repellendus repellendus qui aliquid qui fugit voluptatem.',18,1,0,'2020-11-02 18:20:15','2018-01-19 05:08:44'),(100,65,17,'sed','Dignissimos eaque magni aut minima suscipit. Est qui fugiat architecto. Officiis doloremque facere nobis explicabo velit. Eveniet animi consequuntur minus.',21,1,0,'2017-04-25 21:36:41','2019-10-26 07:13:02');
/*!40000 ALTER TABLE `posts` ENABLE KEYS */;
UNLOCK TABLES;

--
-- Table structure for table `profiles`
--

DROP TABLE IF EXISTS `profiles`;
/*!40101 SET @saved_cs_client     = @@character_set_client */;
/*!50503 SET character_set_client = utf8mb4 */;
CREATE TABLE `profiles` (
  `user_id` int unsigned NOT NULL,
  `gender` enum('M','F') COLLATE utf8_unicode_ci NOT NULL,
  `birthday` date DEFAULT NULL,
  `city` varchar(130) CHARACTER SET utf8 COLLATE utf8_unicode_ci DEFAULT NULL,
  `country` varchar(130) CHARACTER SET utf8 COLLATE utf8_unicode_ci DEFAULT NULL,
  `created_at` datetime DEFAULT CURRENT_TIMESTAMP,
  `updated_at` datetime DEFAULT CURRENT_TIMESTAMP ON UPDATE CURRENT_TIMESTAMP,
  PRIMARY KEY (`user_id`),
  CONSTRAINT `profiles_user_id_fk` FOREIGN KEY (`user_id`) REFERENCES `users` (`id`) ON DELETE CASCADE
) ENGINE=InnoDB DEFAULT CHARSET=utf8 COLLATE=utf8_unicode_ci;
/*!40101 SET character_set_client = @saved_cs_client */;

--
-- Dumping data for table `profiles`
--

LOCK TABLES `profiles` WRITE;
/*!40000 ALTER TABLE `profiles` DISABLE KEYS */;
INSERT INTO `profiles` VALUES (1,'F','2007-02-26','North Ludieport','Guyana','2017-06-01 01:19:26','2020-11-17 00:56:49'),(2,'F','1984-04-28','Torphyborough','Denmark','2014-12-23 20:23:21','2020-03-07 10:08:35'),(3,'F','1998-10-11','Lake Gilbert','Dominica','2015-05-02 12:24:12','2020-11-17 00:56:49'),(4,'M','2008-05-25','East Juliabury','Reunion','2019-10-08 07:07:32','2020-11-17 00:56:49'),(5,'F','2011-11-13','Lake Edwinabury','Andorra','2016-12-31 22:58:18','2020-11-17 00:56:49'),(6,'M','1976-09-10','Estevanbury','Croatia','2016-09-09 13:00:24','2020-11-17 00:56:49'),(7,'F','1998-05-21','Maddisonview','Ethiopia','2013-07-17 04:31:10','2013-11-20 05:10:32'),(8,'M','1990-07-06','New Jadyn','Paraguay','2012-06-12 15:15:56','2017-09-07 10:41:13'),(9,'F','1973-01-08','New Russelmouth','Nepal','2014-04-23 22:40:56','2014-09-23 08:00:15'),(10,'M','1983-06-15','Port Reed','Sierra Leone','2011-05-27 22:12:30','2015-03-31 13:58:12'),(11,'M','1979-12-26','McCulloughmouth','Kiribati','2012-01-17 19:33:09','2013-02-22 17:50:26'),(12,'F','2020-05-01','Rowebury','Chad','2013-04-18 11:54:06','2017-08-27 12:34:19'),(13,'F','1974-04-08','Markston','Iraq','2019-04-26 18:41:47','2020-11-17 00:56:49'),(14,'F','1989-02-16','Port Conradmouth','Australia','2011-04-16 09:00:46','2018-10-14 19:14:41'),(15,'M','2016-03-03','Lake Sarinabury','Iceland','2013-08-03 13:27:07','2014-07-19 00:58:21'),(16,'F','1980-01-15','Port Lillyberg','Bahamas','2010-11-21 21:47:09','2020-02-08 04:10:24'),(17,'F','1997-08-07','South Fausto','Saint Helena','2012-03-16 04:17:01','2012-04-23 02:23:17'),(18,'M','1971-12-14','Frederikhaven','India','2013-04-21 04:34:43','2019-04-28 05:17:15'),(19,'M','1981-05-26','New Lauren','Liechtenstein','2013-12-22 05:01:41','2020-11-17 00:56:49'),(20,'F','2018-07-12','Aliyahfort','Montserrat','2018-08-13 20:17:14','2020-11-17 00:56:49'),(21,'F','2003-05-06','Lake Tianaborough','Iraq','2019-06-10 12:17:16','2020-11-17 00:56:49'),(22,'M','1974-10-24','Jerdeborough','Serbia','2014-07-08 22:04:04','2015-05-10 15:52:15'),(23,'F','1988-05-05','Russfurt','Malaysia','2014-02-12 12:16:01','2020-04-25 19:23:32'),(24,'M','1999-02-27','Lake Constance','Chad','2011-02-08 06:11:14','2019-08-08 03:12:58'),(25,'F','2009-01-23','Wiltonland','Iran','2019-10-26 18:49:51','2020-11-17 00:56:49'),(26,'M','1999-07-31','Corwinville','Holy See (Vatican City State)','2019-10-20 08:00:07','2020-11-17 00:56:49'),(27,'F','1977-05-22','Lake Blanche','Pitcairn Islands','2020-04-21 04:01:51','2020-11-17 00:56:49'),(28,'F','1984-07-21','Lake Rasheed','Singapore','2012-12-13 05:41:45','2019-07-19 09:25:08'),(29,'F','1982-08-23','Port Emiliestad','Niger','2012-03-02 19:43:59','2013-12-10 17:11:57'),(30,'M','1982-08-03','New Miracleland','Greece','2019-11-13 14:07:07','2020-11-17 00:56:49'),(31,'M','2000-04-03','Wuckertfurt','Indonesia','2013-06-09 12:45:25','2020-11-17 00:56:49'),(32,'F','2012-01-02','Lake Royview','Kuwait','2020-08-07 07:21:28','2020-11-17 00:56:49'),(33,'M','2011-05-15','Collinsborough','Benin','2018-07-17 20:39:23','2020-11-17 00:56:49'),(34,'F','1977-05-19','Orionshire','United States Virgin Islands','2020-08-30 19:58:42','2020-11-17 00:56:49'),(35,'M','1977-08-13','East Jordan','Martinique','2013-07-20 04:39:50','2020-11-17 00:56:49'),(36,'F','2010-06-18','South Eddie','Palau','2011-05-14 09:11:39','2016-05-20 18:40:57'),(37,'F','1985-02-18','West Tiara','Vanuatu','2015-12-01 01:40:06','2016-03-01 21:31:56'),(38,'F','1970-10-22','Earnestineville','Honduras','2014-11-21 11:31:14','2020-11-17 00:56:49'),(39,'M','1978-07-13','Leslyside','Madagascar','2015-03-28 11:35:28','2015-08-28 20:15:06'),(40,'F','2008-09-19','Port Keyshawnside','Vanuatu','2018-08-04 11:55:35','2020-11-17 00:56:49'),(41,'F','1972-03-21','Schneiderton','Cuba','2020-01-09 17:42:35','2020-11-17 00:56:49'),(42,'F','2009-06-26','Lake Madilynview','Netherlands','2014-08-01 11:01:03','2019-10-01 23:41:09'),(43,'F','1983-05-23','Port Bruce','South Georgia and the South Sandwich Islands','2018-12-13 21:43:46','2020-11-17 00:56:49'),(44,'F','2017-12-09','North Ivahmouth','Croatia','2017-03-01 21:55:52','2019-04-22 08:38:27'),(45,'F','1988-04-18','North Emmanuel','Micronesia','2011-02-10 21:27:04','2011-10-08 11:46:31'),(46,'M','1990-04-13','West Aniya','United Kingdom','2016-09-03 23:41:39','2020-11-17 00:56:49'),(47,'M','2014-09-30','East Derricktown','Ecuador','2014-06-03 03:10:48','2020-07-29 08:45:54'),(48,'F','1985-02-04','Torreymouth','Bermuda','2019-05-20 09:35:47','2020-11-17 00:56:49'),(49,'F','1986-02-09','South Akeembury','Fiji','2013-04-08 13:07:02','2014-07-11 20:40:33'),(50,'F','2017-03-25','East Trisha','Denmark','2020-03-09 13:59:01','2020-11-17 00:56:49'),(51,'F','1983-11-09','East Sarai','Heard Island and McDonald Islands','2013-07-18 06:59:28','2016-04-09 07:23:24'),(52,'M','1971-12-24','East Sonny','Montserrat','2016-02-13 08:36:47','2020-11-17 00:56:49'),(53,'M','2010-07-08','Port Susie','Chile','2020-09-27 02:22:10','2020-11-17 00:56:49'),(54,'M','2012-08-09','Lake Aubrey','Turkmenistan','2016-09-17 11:27:22','2020-11-17 00:56:49'),(55,'M','2018-03-19','Dachchester','Gambia','2018-07-27 10:34:07','2020-11-17 00:56:49'),(56,'M','2020-10-28','North Myah','Finland','2019-06-20 00:16:39','2020-11-17 00:56:49'),(57,'F','2011-04-25','Natshire','Rwanda','2015-10-26 23:13:58','2017-10-17 14:40:15'),(58,'F','2007-05-06','Eldonville','Australia','2017-01-07 22:29:49','2020-11-17 00:56:49'),(59,'F','2002-10-28','Jacksonhaven','Sierra Leone','2018-06-16 20:57:41','2018-09-26 20:49:44'),(60,'F','2009-01-10','Romagueraton','Luxembourg','2019-09-13 02:35:16','2020-11-17 00:56:49'),(61,'M','1992-09-22','O\'Reillymouth','French Southern Territories','2019-05-01 00:01:10','2020-11-17 00:56:49'),(62,'M','1985-10-04','West Eladio','Costa Rica','2016-02-23 01:42:56','2016-04-09 02:49:45'),(63,'M','1972-06-25','Powlowskitown','Mayotte','2013-07-05 21:26:33','2020-11-17 00:56:49'),(64,'F','1996-03-30','Port Clementinaville','Niger','2013-12-22 01:34:03','2020-11-17 00:56:49'),(65,'M','1971-09-02','South Eveborough','Djibouti','2013-09-23 20:30:08','2019-09-07 18:32:05'),(66,'M','1997-05-30','Port Allie','Palau','2019-04-30 00:35:04','2020-11-17 00:56:49'),(67,'F','1970-06-17','West Clintonfort','Micronesia','2012-05-28 21:11:20','2015-10-26 01:55:07'),(68,'M','2009-11-01','North Eladio','Turkmenistan','2017-10-26 14:27:54','2020-11-17 00:56:49'),(69,'F','1970-06-14','East Karine','Venezuela','2014-05-22 02:42:02','2018-12-12 13:47:11'),(70,'F','1995-09-16','South Joannieview','Western Sahara','2010-12-17 07:44:41','2011-06-29 06:20:08'),(71,'F','1975-05-04','Monachester','Western Sahara','2017-05-21 09:33:06','2020-11-17 00:56:49'),(72,'F','2004-03-30','North Dejuanland','Iceland','2018-08-21 18:19:51','2020-11-17 00:56:49'),(73,'M','1997-12-18','Bethelville','Marshall Islands','2011-06-10 06:20:02','2018-10-26 01:51:29'),(74,'M','1979-07-10','East Violet','Saint Martin','2012-10-03 10:49:24','2018-12-13 13:02:55'),(75,'M','1986-12-02','Cummingston','Marshall Islands','2012-09-27 21:30:20','2015-09-21 16:58:33'),(76,'F','2013-11-07','South Willardstad','Uzbekistan','2013-09-07 03:06:44','2019-01-27 03:00:29'),(77,'M','1984-01-12','East Silas','Kiribati','2015-06-25 07:10:31','2020-11-17 00:56:49'),(78,'M','1976-02-24','East Aylin','Guadeloupe','2017-09-08 03:30:18','2017-12-02 01:38:21'),(79,'M','1997-10-01','East Birdieberg','Benin','2016-05-13 19:44:34','2020-04-01 17:39:32'),(80,'F','1982-11-15','Birdiemouth','Jamaica','2012-11-02 14:37:14','2012-12-18 02:16:33'),(81,'M','2013-06-07','Pascalefurt','Cuba','2017-06-20 20:59:08','2020-11-17 00:56:49'),(82,'M','1970-01-29','Port Jena','Lesotho','2017-10-25 22:39:06','2020-11-17 00:56:49'),(83,'M','1991-02-20','South Modestaville','Israel','2017-02-03 11:39:03','2020-11-17 00:56:49'),(84,'M','1983-04-19','Lake Jalenberg','Niue','2017-11-14 02:29:14','2020-11-17 00:56:49'),(85,'F','1989-08-18','Sauermouth','Guadeloupe','2017-11-19 06:58:03','2019-09-07 21:26:31'),(86,'F','2010-05-10','South Willyburgh','United States of America','2017-04-11 18:45:56','2017-11-26 00:11:07'),(87,'M','1971-07-12','Lake Avisville','China','2020-01-12 01:27:32','2020-11-17 00:56:49'),(88,'M','2020-01-03','Port Dallas','Syrian Arab Republic','2017-01-31 22:55:27','2018-02-03 09:35:59'),(89,'F','2002-05-17','Carrollmouth','Kazakhstan','2018-05-27 22:34:27','2020-11-17 00:56:49'),(90,'M','2017-07-08','South Micah','Hungary','2011-05-22 05:50:32','2017-02-16 01:46:30'),(91,'F','1972-09-13','South Eliza','Montenegro','2020-03-06 11:07:36','2020-11-17 00:56:49'),(92,'M','1990-05-23','Jedidiahhaven','New Caledonia','2015-03-24 22:42:53','2020-11-17 00:56:49'),(93,'F','1991-04-12','South Arianemouth','Korea','2017-05-31 07:50:24','2020-11-17 00:56:49'),(94,'M','1972-06-16','Mullerburgh','Brunei Darussalam','2015-05-22 18:08:59','2019-10-15 14:41:28'),(95,'M','1974-11-02','Maritzabury','Kiribati','2012-03-05 07:09:38','2020-11-17 00:56:49'),(96,'F','2014-05-19','New Hildegardshire','Iceland','2016-06-21 21:49:07','2020-11-17 00:56:49'),(97,'F','2018-09-21','Lake Brennonfurt','Antarctica (the territory South of 60 deg S)','2014-12-20 14:45:31','2020-04-02 21:11:22'),(98,'F','2011-09-04','Jessikafurt','Colombia','2014-03-08 19:56:25','2020-03-25 08:54:39'),(99,'F','2002-09-02','Paulborough','Slovakia (Slovak Republic)','2016-01-13 19:50:04','2020-11-17 00:56:49'),(100,'M','2007-10-26','Port Bonita','Serbia','2011-04-27 03:11:03','2017-07-14 09:37:14');
/*!40000 ALTER TABLE `profiles` ENABLE KEYS */;
UNLOCK TABLES;

--
-- Table structure for table `target_types`
--

DROP TABLE IF EXISTS `target_types`;
/*!40101 SET @saved_cs_client     = @@character_set_client */;
/*!50503 SET character_set_client = utf8mb4 */;
CREATE TABLE `target_types` (
  `id` int unsigned NOT NULL AUTO_INCREMENT,
  `name` varchar(255) NOT NULL,
  `created_at` datetime DEFAULT CURRENT_TIMESTAMP,
  PRIMARY KEY (`id`),
  UNIQUE KEY `name` (`name`)
) ENGINE=InnoDB AUTO_INCREMENT=5 DEFAULT CHARSET=utf8mb4 COLLATE=utf8mb4_0900_ai_ci;
/*!40101 SET character_set_client = @saved_cs_client */;

--
-- Dumping data for table `target_types`
--

LOCK TABLES `target_types` WRITE;
/*!40000 ALTER TABLE `target_types` DISABLE KEYS */;
INSERT INTO `target_types` VALUES (1,'messages','2020-11-24 23:50:41'),(2,'users','2020-11-24 23:50:41'),(3,'media','2020-11-24 23:50:41'),(4,'posts','2020-11-24 23:50:41');
/*!40000 ALTER TABLE `target_types` ENABLE KEYS */;
UNLOCK TABLES;

--
-- Table structure for table `users`
--

DROP TABLE IF EXISTS `users`;
/*!40101 SET @saved_cs_client     = @@character_set_client */;
/*!50503 SET character_set_client = utf8mb4 */;
CREATE TABLE `users` (
  `id` int unsigned NOT NULL AUTO_INCREMENT,
  `first_name` varchar(100) CHARACTER SET utf8 COLLATE utf8_unicode_ci NOT NULL,
  `last_name` varchar(100) CHARACTER SET utf8 COLLATE utf8_unicode_ci NOT NULL,
  `email` varchar(100) CHARACTER SET utf8 COLLATE utf8_unicode_ci NOT NULL,
  `phone` varchar(100) CHARACTER SET utf8 COLLATE utf8_unicode_ci NOT NULL,
  `created_at` datetime DEFAULT CURRENT_TIMESTAMP,
  `updated_at` datetime DEFAULT CURRENT_TIMESTAMP ON UPDATE CURRENT_TIMESTAMP,
  PRIMARY KEY (`id`),
  UNIQUE KEY `email` (`email`),
  UNIQUE KEY `phone` (`phone`)
) ENGINE=InnoDB AUTO_INCREMENT=101 DEFAULT CHARSET=utf8 COLLATE=utf8_unicode_ci;
/*!40101 SET character_set_client = @saved_cs_client */;

--
-- Dumping data for table `users`
--

LOCK TABLES `users` WRITE;
/*!40000 ALTER TABLE `users` DISABLE KEYS */;
INSERT INTO `users` VALUES (1,'Taryn','Romaguera','littel.nyah@example.org','(700)683-0720x306','2014-10-25 03:29:06','2016-09-09 13:00:24'),(2,'Woodrow','Gottlieb','marques75@example.org','(160)620-6870','2016-01-26 03:17:23','2016-09-17 11:27:22'),(3,'Casimer','Runolfsdottir','noel.larkin@example.com','977-502-9901x40428','2019-05-31 02:27:42','2020-11-17 02:21:23'),(4,'Sandrine','Heathcote','rhea20@example.org','1-717-000-8511x7808','2013-05-04 17:47:20','2013-07-17 04:31:10'),(5,'Susie','Lockman','psporer@example.org','04454877954','2016-04-16 19:58:26','2019-06-20 00:16:39'),(6,'Berry','Treutel','ismael86@example.com','1-825-860-9302','2012-02-01 13:19:14','2014-05-22 02:42:02'),(7,'Aniyah','Adams','mortimer04@example.net','604.421.8508','2014-08-26 04:04:31','2020-11-17 02:21:23'),(8,'Ward','Dickens','areinger@example.org','507-841-5289x16373','2019-05-31 22:54:57','2020-11-17 02:21:23'),(9,'Marietta','Howell','dooley.maiya@example.org','(271)333-7118x20513','2014-10-04 22:36:23','2020-11-17 02:21:23'),(10,'Armani','Glover','amelie.wilderman@example.com','+27(2)1443641958','2012-09-27 20:06:27','2016-09-03 23:41:39'),(11,'Guy','Durgan','kassulke.katelin@example.org','255.886.1916','2020-04-21 06:50:50','2020-11-17 02:21:23'),(12,'Mariane','Gutmann','yasmin46@example.com','928.615.2813x39957','2016-10-28 22:14:42','2017-09-08 03:30:18'),(13,'Fiona','Lakin','grimes.april@example.net','1-515-236-7418x84715','2018-02-21 22:06:34','2020-11-17 02:21:23'),(14,'Kyleigh','Carter','vergie.cole@example.org','716.838.1760','2013-10-23 03:10:17','2019-06-20 00:16:39'),(15,'Nedra','Okuneva','fermin93@example.com','559-769-2114x06606','2020-07-28 23:04:34','2020-08-07 07:21:28'),(16,'Zander','Conroy','luna87@example.org','1-370-679-0609x6359','2015-03-12 00:13:52','2020-11-17 02:21:23'),(17,'Alexandre','Hyatt','bernier.cullen@example.org','800-820-1891x48409','2019-07-21 08:37:58','2020-11-17 02:21:23'),(18,'Eula','Waters','shad60@example.com','333-647-4453x254','2018-01-19 01:38:11','2020-11-17 02:21:23'),(19,'Imani','Connelly','dolly26@example.com','02966725841','2015-10-27 11:29:43','2020-11-17 02:21:23'),(20,'Maiya','Lemke','adrianna71@example.com','06549660798','2017-03-24 00:30:34','2017-11-19 06:58:03'),(21,'Isom','Little','jermain46@example.org','1-465-959-8565','2016-01-20 22:33:40','2016-12-31 22:58:18'),(22,'Arianna','Bayer','daugherty.litzy@example.org','+83(1)4279544724','2010-12-01 02:45:01','2020-01-09 17:42:35'),(23,'Sylvia','Purdy','rschmitt@example.com','891-973-2831x48516','2012-12-17 19:35:26','2020-04-21 04:01:51'),(24,'Kirstin','Jast','joaquin.cronin@example.org','(421)567-8438x3409','2019-03-22 17:24:07','2020-11-17 02:21:23'),(25,'Amiya','Larson','khahn@example.com','275-347-1001x272','2015-04-10 16:10:07','2019-09-13 02:35:16'),(26,'Alejandrin','Toy','cory.kihn@example.net','(901)312-7129x4278','2015-05-08 01:51:54','2017-10-26 14:27:54'),(27,'Theron','Murphy','herbert.simonis@example.com','216-631-1184','2018-07-10 06:07:07','2020-11-17 02:21:23'),(28,'Carmella','Langworth','klein.gerry@example.com','04877151166','2012-01-12 09:34:59','2013-09-23 20:30:08'),(29,'Daphney','Wolf','odessa.cassin@example.com','082.822.9577x45341','2015-08-29 20:27:34','2018-08-13 20:17:14'),(30,'Chadd','Altenwerth','durgan.salma@example.net','(212)837-1447x10249','2019-05-10 03:22:43','2020-11-17 02:21:23'),(31,'Kathleen','Nolan','dayna57@example.net','824.451.0607','2016-04-07 20:28:48','2020-11-17 02:21:23'),(32,'Carley','Welch','lera.dickens@example.org','683-855-4518x373','2015-06-17 02:52:47','2020-11-17 02:21:23'),(33,'Donnie','Witting','enrico08@example.net','935.306.8818','2013-10-21 00:08:33','2017-05-31 07:50:24'),(34,'Reece','Sawayn','mateo.kuhn@example.net','(751)735-6886x63528','2014-07-12 02:48:04','2017-09-08 03:30:18'),(35,'Rebeka','Beer','kunde.kareem@example.net','498-640-3455','2013-05-21 15:38:41','2019-05-01 00:01:10'),(36,'Wilber','Mayert','pollich.eulalia@example.net','013-333-2446x828','2015-04-24 15:18:13','2020-11-17 02:21:23'),(37,'Mauricio','Torphy','xritchie@example.org','(454)963-8975x59908','2011-03-03 08:15:41','2017-06-20 20:59:08'),(38,'Julie','Rolfson','zfunk@example.com','02620442146','2011-09-24 16:39:14','2020-08-07 07:21:28'),(39,'Bruce','Weimann','baumbach.carmela@example.com','956-685-4210','2019-07-21 20:46:57','2020-11-17 02:21:23'),(40,'Kadin','Considine','winona.borer@example.com','(658)869-6873x8657','2011-10-20 19:03:13','2019-06-20 00:16:39'),(41,'Payton','Murazik','gprice@example.net','1-017-295-3895','2013-09-30 16:01:37','2020-11-17 02:21:23'),(42,'Cale','Reynolds','lindsay.hand@example.org','051.399.3756x6614','2019-03-08 15:54:59','2020-11-17 02:21:23'),(43,'Queenie','Rippin','octavia.murray@example.net','02401414043','2015-09-12 18:22:58','2020-11-17 02:21:23'),(44,'Kenton','Blanda','ibecker@example.com','04176272295','2013-03-15 06:57:51','2020-03-09 13:59:01'),(45,'Neva','Witting','ambrose.parker@example.net','649-103-0177x6722','2016-03-14 01:10:18','2020-11-17 02:21:23'),(46,'Hollie','Balistreri','kupton@example.org','1-855-619-2230x49452','2014-03-21 14:22:33','2020-11-17 02:21:23'),(47,'Bernice','Ernser','cassin.aletha@example.org','737-070-9005x425','2016-09-20 20:46:08','2020-11-17 02:21:23'),(48,'Monroe','Berge','alexys13@example.org','820-137-0001x3556','2014-07-05 11:42:14','2016-05-13 19:44:34'),(49,'Jewell','Koss','guiseppe.ankunding@example.com','08635411459','2015-03-14 06:28:31','2020-11-17 02:21:23'),(50,'Lina','Witting','schroeder.cecilia@example.com','1-166-160-5417','2016-04-09 05:50:11','2020-11-17 02:21:23'),(51,'Angie','Jaskolski','kshlerin.mavis@example.net','588-004-3709x9436','2016-11-18 08:05:45','2020-11-17 02:21:23'),(52,'Lia','Stamm','natalie81@example.net','(307)700-9158','2018-08-29 11:51:53','2020-11-17 02:21:23'),(53,'Anne','Fritsch','marshall85@example.com','(817)668-9996x1835','2015-07-08 02:01:21','2020-11-17 02:21:23'),(54,'Russ','Orn','thiel.mohamed@example.org','+82(8)9256197745','2018-08-15 14:28:26','2020-11-17 02:21:23'),(55,'Carolyn','Baumbach','ray.moen@example.org','+00(9)9378285732','2014-05-06 16:36:06','2016-12-31 22:58:18'),(56,'Kelly','Koch','willow.lesch@example.net','041.987.7822','2015-11-20 12:54:01','2020-11-17 02:21:23'),(57,'Dameon','Hartmann','reinger.rachel@example.com','1-561-785-1409x811','2015-03-04 20:50:08','2019-10-26 18:49:51'),(58,'Brendon','Rutherford','pwuckert@example.com','1-852-318-9784x2197','2013-05-16 03:34:12','2017-11-19 06:58:03'),(59,'Hudson','Hegmann','fatima23@example.net','(050)294-7086x885','2013-10-05 22:36:42','2020-11-17 02:21:23'),(60,'Aurore','Witting','lamar59@example.com','799-957-9558x442','2011-10-22 16:55:50','2019-04-30 00:35:04'),(61,'Hailey','Volkman','kunde.flavie@example.com','(324)966-2734x7919','2013-09-30 20:58:28','2017-01-31 22:55:27'),(62,'Naomi','Emard','fadel.brent@example.org','244-184-0367x92511','2018-09-09 11:56:01','2020-11-17 02:21:23'),(63,'Orlo','Mayer','fritsch.lorenzo@example.org','132.639.1486','2013-10-07 16:57:12','2020-11-17 02:21:23'),(64,'Darius','Torp','queen78@example.com','(094)146-0300x44282','2014-11-29 18:21:29','2020-11-17 02:21:23'),(65,'Earnest','Denesik','tstehr@example.com','+26(0)3742399446','2018-06-23 15:23:21','2020-11-17 02:21:23'),(66,'Judd','Leffler','clemens73@example.net','1-843-865-4393x8858','2020-05-16 12:40:26','2020-11-17 02:21:23'),(67,'Leonora','Walker','ikessler@example.com','587-477-6262x729','2019-06-23 08:07:34','2020-11-17 02:21:23'),(68,'Arnulfo','Yundt','leichmann@example.com','1-540-572-3857','2017-07-16 03:45:41','2020-11-17 02:21:23'),(69,'Marcelina','McLaughlin','bhartmann@example.com','1-724-583-0349x6990','2012-07-31 06:07:23','2019-05-01 00:01:10'),(70,'Deangelo','Keeling','eugene.adams@example.net','1-843-986-1903x66457','2020-11-01 21:47:43','2020-11-17 02:21:23'),(71,'Kirk','Kris','ward.tania@example.net','003-173-6633','2019-01-21 22:45:55','2020-11-17 02:21:23'),(72,'Camden','Bruen','misty.hermiston@example.net','(358)335-5733x2678','2015-11-26 22:35:38','2020-11-17 02:21:23'),(73,'Immanuel','Mills','constantin72@example.org','771.068.7962','2011-09-09 15:24:12','2015-12-01 01:40:06'),(74,'Kobe','Hansen','brakus.trevor@example.net','387.047.0116x96133','2017-05-05 01:48:14','2020-11-17 02:21:23'),(75,'Andre','Kerluke','frieda.blanda@example.net','415-606-5459x9619','2020-05-18 07:40:59','2020-09-27 02:22:10'),(76,'Nova','Ryan','ruecker.arlie@example.com','1-239-511-0907x946','2015-12-06 10:04:08','2019-06-10 12:17:16'),(77,'Zoey','Nicolas','edmond.christiansen@example.org','1-959-774-3918x66445','2018-06-16 17:00:05','2020-08-30 19:58:42'),(78,'Cristian','Runolfsdottir','manley.haag@example.org','08641224546','2019-06-22 09:59:01','2020-11-17 02:21:23'),(79,'Demetrius','Bartell','wintheiser.moses@example.net','1-885-469-5529','2016-11-21 22:42:21','2020-11-17 02:21:23'),(80,'Isai','Monahan','murray.rachel@example.org','(628)919-9152','2019-04-22 02:41:07','2019-09-13 02:35:16'),(81,'Paul','Weber','bpfannerstill@example.org','384-397-9029','2011-04-06 12:39:10','2018-07-27 10:34:07'),(82,'Charlie','Collier','udooley@example.org','(279)791-7281x76416','2016-08-24 02:17:20','2020-11-17 02:21:23'),(83,'Darrell','Ward','jessyca.howell@example.com','619-938-9993x8421','2011-09-30 05:22:09','2012-09-27 21:30:20'),(84,'Edd','Kilback','smitham.raquel@example.com','1-457-625-3593x2023','2019-03-10 08:18:26','2020-11-17 02:21:23'),(85,'Kianna','Morar','tyson.lindgren@example.net','159.346.7343x89554','2014-04-07 12:20:46','2016-05-13 19:44:34'),(86,'Garry','West','consuelo.hand@example.net','(383)524-1365x291','2020-06-05 14:54:38','2020-11-17 02:21:23'),(87,'Keely','Keeling','lhansen@example.org','(105)513-9494','2016-02-06 14:20:17','2020-11-17 02:21:23'),(88,'Isadore','O\'Hara','daniela.keebler@example.com','044.121.6753','2016-11-13 04:21:14','2020-11-17 02:21:23'),(89,'Foster','Aufderhar','tklein@example.net','808-948-4210x4830','2015-08-03 17:48:31','2020-11-17 02:21:23'),(90,'Kirsten','Prosacco','marcel34@example.com','207-304-8669x6247','2020-09-08 15:18:21','2020-11-17 02:21:23'),(91,'Lacy','Wilderman','jmarvin@example.com','274-277-5309','2016-05-05 02:49:06','2017-05-21 09:33:06'),(92,'Sonny','Rowe','hkozey@example.net','1-551-355-7548','2013-12-11 11:26:43','2020-08-07 07:21:28'),(93,'Carlee','Leffler','ifadel@example.org','04426718009','2016-08-02 19:59:16','2020-11-17 02:21:23'),(94,'Wilma','Quigley','uharris@example.org','+34(1)6901370476','2012-11-16 16:21:12','2020-01-09 17:42:35'),(95,'Martin','O\'Conner','nola94@example.net','(094)114-2048x1764','2016-02-14 19:17:13','2020-11-17 02:21:23'),(96,'Scarlett','Kautzer','mathew.murazik@example.org','136-524-3160x805','2020-01-24 11:59:14','2020-11-17 02:21:23'),(97,'Elouise','Legros','botsford.sonny@example.net','06790528682','2015-04-30 16:24:55','2020-11-17 02:21:23'),(98,'Ashton','Crist','gjohnson@example.org','(414)287-8919x74166','2011-01-19 12:59:48','2017-09-08 03:30:18'),(99,'Ebony','Hilpert','audreanne93@example.com','1-244-481-6692x68809','2018-10-23 15:56:54','2020-11-17 02:21:23'),(100,'Ebony','Green','nicholas.runolfsdottir@example.org','1-275-389-7051','2011-02-17 21:09:22','2020-08-07 07:21:28');
/*!40000 ALTER TABLE `users` ENABLE KEYS */;
UNLOCK TABLES;
/*!40103 SET TIME_ZONE=@OLD_TIME_ZONE */;

/*!40101 SET SQL_MODE=@OLD_SQL_MODE */;
/*!40014 SET FOREIGN_KEY_CHECKS=@OLD_FOREIGN_KEY_CHECKS */;
/*!40014 SET UNIQUE_CHECKS=@OLD_UNIQUE_CHECKS */;
/*!40101 SET CHARACTER_SET_CLIENT=@OLD_CHARACTER_SET_CLIENT */;
/*!40101 SET CHARACTER_SET_RESULTS=@OLD_CHARACTER_SET_RESULTS */;
/*!40101 SET COLLATION_CONNECTION=@OLD_COLLATION_CONNECTION */;
/*!40111 SET SQL_NOTES=@OLD_SQL_NOTES */;

-- Dump completed on 2020-11-25  1:17:36
